region_id,date,waste_tons
R032,2025-01-29,7.94
R016,2025-02-11,8.9
R095,2025-01-21,10.49
R088,2025-02-23,4.58
R032,2025-01-07,8.71
R053,2025-02-24,9.21
R088,2025-02-05,7.41
R049,2025-01-04,11.05
R023,2025-02-19,8.26
R045,2025-03-07,7.17
R070,2025-02-24,11.05
R039,2025-03-01,7.2
R086,2025-02-01,10.05
R023,2025-01-30,11.23
R079,2025-02-01,9.19
R079,2025-02-20,9.66
R016,2025-01-25,6.06
R083,2025-02-26,7.97
R003,2025-02-18,12.42
R040,2025-01-25,10.87
R038,2025-02-19,7.28
R031,2025-02-18,6.52
R014,2025-01-16,8.58
R058,2025-01-07,12.86
R075,2025-03-01,11.58
R080,2025-01-31,9.09
R065,2025-02-25,11.25
R069,2025-01-04,7.2
R005,2025-01-30,9.99
R032,2025-03-08,9.97
R054,2025-02-24,11.22
R084,2025-02-24,8.65
R098,2025-02-03,8.46
R047,2025-01-04,6.71
R082,2025-02-08,9.87
R031,2025-02-13,7.21
R025,2025-02-07,7.48
R013,2025-02-14,12.04
R047,2025-01-08,8.53
R090,2025-02-04,7.37
R052,2025-02-17,10.46
R100,2025-01-09,8.7
R017,2025-01-07,11.47
R007,2025-02-01,9.41
R091,2025-02-01,10.6
R053,2025-01-20,6.65
R076,2025-02-11,10.23
R099,2025-01-01,9.84
R070,2025-02-09,12.13
R029,2025-02-28,6.52
R052,2025-02-07,9.0
R091,2025-03-03,9.04
R028,2025-02-07,7.65
R068,2025-02-09,10.58
R041,2025-02-05,6.19
R050,2025-02-17,11.1
R073,2025-01-28,7.97
R020,2025-01-15,4.79
R072,2025-02-27,8.72
R036,2025-02-25,9.4
R071,2025-01-15,8.7
R041,2025-02-27,7.02
R091,2025-02-13,12.49
R077,2025-02-14,6.55
R057,2025-02-05,9.5
R039,2025-03-04,7.23
R044,2025-01-19,5.35
R004,2025-03-08,7.98
R004,2025-01-04,10.48
R022,2025-03-05,6.0
R016,2025-01-08,6.24
R056,2025-02-21,12.8
R048,2025-01-16,8.31
R010,2025-01-15,6.29
R040,2025-02-22,8.92
R079,2025-02-03,10.57
R017,2025-01-16,9.6
R062,2025-01-06,13.28
R031,2025-02-28,7.27
R077,2025-03-08,11.04
R083,2025-02-11,7.83
R091,2025-02-10,7.73
R009,2025-02-15,12.38
R009,2025-02-23,9.42
R030,2025-02-19,8.66
R035,2025-02-21,7.59
R048,2025-01-12,6.59
R055,2025-01-24,11.06
R044,2025-03-01,9.94
R089,2025-01-26,9.19
R001,2025-01-21,8.04
R096,2025-01-17,5.99
R095,2025-02-20,9.81
R064,2025-02-20,13.49
R080,2025-01-08,6.89
R086,2025-02-15,9.44
R088,2025-01-08,5.26
R039,2025-01-24,9.06
R014,2025-01-26,7.41
R062,2025-01-16,10.18
R100,2025-02-04,9.73
R012,2025-01-21,8.52
R097,2025-03-08,9.09
R013,2025-03-04,12.28
R075,2025-01-25,9.29
R007,2025-01-30,9.76
R011,2025-02-18,8.73
R005,2025-02-12,7.23
R039,2025-03-09,11.45
R001,2025-01-10,7.32
R034,2025-01-05,11.69
R040,2025-01-13,12.49
R037,2025-01-25,12.9
R030,2025-02-15,7.4
R009,2025-02-12,11.94
R098,2025-02-24,8.43
R079,2025-02-19,5.11
R098,2025-01-05,9.74
R006,2025-01-21,8.94
R032,2025-02-17,6.03
R088,2025-01-16,6.81
R072,2025-02-18,5.7
R078,2025-02-14,11.35
R019,2025-02-19,9.96
R092,2025-01-26,9.31
R022,2025-02-16,6.48
R028,2025-01-01,8.56
R048,2025-02-25,7.96
R096,2025-01-02,8.33
R054,2025-03-02,7.06
R041,2025-03-07,8.22
R021,2025-03-06,9.34
R051,2025-02-10,5.55
R009,2025-02-18,8.25
R050,2025-01-20,12.07
R040,2025-02-26,13.12
R047,2025-02-05,11.75
R018,2025-01-04,8.59
R018,2025-02-27,9.34
R084,2025-02-16,7.75
R048,2025-02-20,6.98
R087,2025-01-11,11.76
R045,2025-02-14,7.72
R011,2025-02-08,7.59
R083,2025-03-09,7.12
R022,2025-01-07,5.95
R016,2025-02-05,9.27
R041,2025-02-23,10.08
R003,2025-02-22,9.39
R096,2025-03-03,10.49
R053,2025-01-07,9.22
R054,2025-02-25,10.38
R064,2025-01-05,11.23
R021,2025-01-01,8.98
R098,2025-02-28,9.61
R050,2025-02-23,9.06
R024,2025-01-12,12.85
R016,2025-02-08,5.58
R064,2025-02-19,8.91
R020,2025-02-05,7.11
R022,2025-01-13,7.37
R016,2025-02-07,7.81
R040,2025-02-20,12.19
R099,2025-02-17,7.85
R027,2025-01-20,11.48
R083,2025-02-22,8.01
R030,2025-02-28,10.07
R062,2025-01-21,10.17
R045,2025-02-27,10.0
R090,2025-01-22,10.68
R058,2025-01-13,12.26
R092,2025-01-09,14.09
R006,2025-01-15,6.52
R057,2025-01-17,7.14
R044,2025-02-10,6.56
R007,2025-02-24,11.7
R074,2025-03-06,11.48
R071,2025-02-16,8.16
R040,2025-01-31,9.23
R038,2025-01-05,6.68
R065,2025-03-11,10.12
R099,2025-02-07,11.22
R068,2025-02-03,10.79
R020,2025-01-26,6.51
R026,2025-02-18,11.09
R035,2025-01-02,6.65
R075,2025-01-13,13.59
R031,2025-02-21,8.65
R081,2025-01-28,10.91
R086,2025-02-02,8.57
R003,2025-01-29,9.74
R084,2025-01-22,6.7
R029,2025-02-08,8.74
R087,2025-02-26,7.81
R017,2025-01-19,10.67
R077,2025-02-24,8.14
R086,2025-01-07,8.22
R083,2025-01-11,5.39
R017,2025-02-22,10.42
R009,2025-02-09,11.45
R081,2025-02-01,10.18
R002,2025-03-09,7.4
R070,2025-02-20,10.79
R012,2025-01-16,6.93
R058,2025-01-09,13.57
R016,2025-03-01,6.78
R056,2025-01-23,14.54
R055,2025-01-27,7.76
R038,2025-01-03,11.06
R075,2025-03-02,9.33
R021,2025-02-16,8.59
R019,2025-01-26,8.56
R018,2025-01-22,8.19
R084,2025-03-06,7.15
R092,2025-02-11,9.92
R079,2025-02-10,9.71
R056,2025-03-04,10.69
R089,2025-01-20,7.13
R012,2025-01-15,5.88
R067,2025-02-20,8.03
R099,2025-01-16,9.28
R026,2025-01-29,10.7
R007,2025-01-14,6.25
R015,2025-01-22,7.91
R025,2025-03-10,9.53
R058,2025-01-23,10.48
R064,2025-01-31,9.04
R028,2025-01-20,9.21
R080,2025-01-05,7.55
R077,2025-02-10,10.57
R083,2025-01-01,5.04
R061,2025-01-06,8.75
R021,2025-03-01,10.7
R067,2025-03-08,7.36
R067,2025-01-30,6.6
R068,2025-03-04,14.52
R059,2025-03-11,12.5
R046,2025-02-22,5.84
R026,2025-03-01,8.51
R019,2025-01-09,7.48
R071,2025-02-20,6.17
R084,2025-01-12,5.35
R094,2025-01-28,8.14
R005,2025-02-07,7.82
R054,2025-01-09,5.71
R046,2025-01-15,7.19
R086,2025-02-22,10.25
R022,2025-01-21,7.32
R078,2025-01-04,9.49
R043,2025-02-02,5.64
R042,2025-02-16,4.98
R047,2025-01-30,9.26
R023,2025-02-08,6.99
R076,2025-02-16,8.57
R096,2025-03-04,7.58
R005,2025-02-04,5.15
R087,2025-03-02,13.24
R060,2025-03-11,7.02
R099,2025-01-05,11.39
R080,2025-02-14,9.1
R022,2025-01-03,9.68
R056,2025-02-03,11.61
R047,2025-02-19,10.34
R088,2025-02-20,8.48
R076,2025-02-13,12.49
R047,2025-03-11,10.42
R074,2025-03-03,10.27
R005,2025-02-10,6.34
R040,2025-02-11,13.26
R096,2025-02-03,8.6
R068,2025-02-17,9.57
R045,2025-02-16,7.39
R034,2025-03-08,8.35
R037,2025-03-11,11.73
R080,2025-02-18,8.63
R076,2025-02-20,8.56
R043,2025-01-16,7.72
R043,2025-02-12,7.05
R022,2025-02-18,6.04
R090,2025-02-01,7.37
R009,2025-01-10,11.65
R044,2025-01-05,6.58
R084,2025-02-27,10.09
R037,2025-01-07,7.96
R036,2025-02-08,11.83
R034,2025-02-14,11.28
R020,2025-01-11,7.44
R043,2025-03-11,9.52
R060,2025-02-16,7.69
R080,2025-02-24,5.3
R088,2025-01-18,9.27
R097,2025-02-19,12.75
R096,2025-01-09,4.33
R021,2025-01-22,13.11
R056,2025-01-07,10.17
R076,2025-01-28,7.42
R090,2025-02-27,10.98
R063,2025-01-03,5.87
R048,2025-02-27,8.93
R079,2025-02-28,8.21
R092,2025-02-13,10.37
R069,2025-01-13,10.75
R035,2025-02-10,11.48
R012,2025-02-20,7.26
R051,2025-02-23,5.19
R054,2025-03-11,8.11
R014,2025-01-14,8.47
R069,2025-01-18,5.92
R095,2025-03-04,10.49
R088,2025-01-14,9.47
R037,2025-01-23,8.65
R001,2025-03-08,11.03
R039,2025-01-26,11.36
R073,2025-01-27,9.17
R028,2025-01-06,11.24
R052,2025-01-12,8.34
R032,2025-01-10,8.36
R076,2025-01-16,11.7
R073,2025-03-01,6.79
R097,2025-03-02,9.3
R009,2025-01-18,10.62
R072,2025-01-09,7.17
R009,2025-02-17,7.46
R027,2025-02-18,10.3
R052,2025-02-10,11.48
R068,2025-03-06,12.02
R006,2025-01-19,14.07
R053,2025-01-27,9.42
R015,2025-02-14,9.15
R016,2025-03-04,5.29
R028,2025-01-09,10.66
R092,2025-02-25,10.81
R015,2025-02-26,9.87
R063,2025-01-25,8.36
R045,2025-01-06,10.37
R082,2025-01-22,9.14
R087,2025-02-24,7.77
R010,2025-01-24,6.36
R002,2025-01-28,10.58
R008,2025-02-20,9.4
R002,2025-01-05,11.12
R016,2025-02-03,3.86
R043,2025-02-18,9.62
R024,2025-01-24,8.25
R030,2025-01-15,6.79
R090,2025-02-25,9.55
R072,2025-02-05,9.78
R046,2025-02-09,9.38
R023,2025-02-02,8.44
R014,2025-02-09,7.31
R043,2025-01-13,9.52
R078,2025-01-23,7.33
R079,2025-01-20,9.48
R073,2025-01-23,10.08
R064,2025-01-30,11.17
R047,2025-02-22,9.61
R083,2025-01-02,7.76
R081,2025-01-16,7.12
R029,2025-02-07,6.57
R009,2025-03-10,10.49
R081,2025-01-01,8.64
R040,2025-02-14,11.04
R077,2025-02-19,11.49
R036,2025-02-04,11.13
R066,2025-01-21,8.7
R004,2025-01-13,9.77
R033,2025-01-30,9.28
R077,2025-03-03,9.59
R075,2025-02-05,12.7
R089,2025-02-18,6.16
R071,2025-02-08,5.78
R038,2025-03-02,7.09
R083,2025-01-05,8.48
R055,2025-01-20,7.8
R083,2025-01-16,7.54
R039,2025-02-16,10.14
R049,2025-02-10,8.94
R088,2025-01-02,6.61
R027,2025-01-21,10.4
R052,2025-01-25,9.75
R022,2025-01-31,5.38
R003,2025-01-13,8.16
R097,2025-01-15,10.06
R006,2025-02-01,9.24
R095,2025-02-10,10.34
R021,2025-01-05,8.11
R091,2025-02-02,9.19
R079,2025-02-21,10.61
R017,2025-03-11,10.22
R075,2025-02-06,9.93
R072,2025-03-03,6.99
R060,2025-02-01,9.39
R048,2025-02-15,6.89
R049,2025-03-02,8.83
R076,2025-01-20,12.58
R080,2025-02-28,9.43
R030,2025-03-04,6.97
R084,2025-02-02,8.77
R095,2025-01-12,8.84
R060,2025-01-18,5.97
R049,2025-02-26,7.37
R096,2025-02-18,8.36
R047,2025-03-08,9.36
R023,2025-01-15,9.22
R081,2025-03-07,12.09
R012,2025-01-14,8.18
R042,2025-01-01,7.99
R029,2025-01-27,8.24
R081,2025-03-04,10.89
R050,2025-02-01,6.24
R018,2025-03-02,7.07
R023,2025-01-26,5.75
R075,2025-01-30,12.12
R014,2025-02-26,5.48
R050,2025-01-26,8.1
R025,2025-01-29,10.61
R094,2025-01-01,10.04
R079,2025-03-02,8.09
R100,2025-03-03,10.32
R069,2025-02-18,5.41
R036,2025-01-16,12.58
R029,2025-01-16,7.91
R001,2025-02-12,9.95
R042,2025-03-11,7.91
R065,2025-02-01,8.77
R055,2025-01-03,9.74
R010,2025-03-06,9.19
R015,2025-01-25,10.17
R038,2025-02-13,7.74
R058,2025-03-10,14.76
R025,2025-01-31,5.73
R083,2025-02-17,7.49
R067,2025-03-11,7.68
R093,2025-01-15,10.31
R078,2025-02-07,10.62
R017,2025-01-21,13.05
R074,2025-02-19,10.28
R099,2025-02-22,11.41
R015,2025-01-23,11.06
R031,2025-01-10,10.06
R007,2025-01-10,9.17
R065,2025-01-12,12.8
R017,2025-02-24,11.26
R058,2025-01-11,10.72
R039,2025-01-30,10.46
R085,2025-02-22,11.57
R063,2025-02-09,6.08
R046,2025-01-26,5.56
R074,2025-02-14,10.43
R004,2025-01-30,8.3
R053,2025-01-09,10.48
R045,2025-01-04,9.12
R053,2025-01-02,8.73
R088,2025-02-25,4.93
R074,2025-02-01,13.15
R011,2025-02-16,8.8
R074,2025-01-18,9.99
R038,2025-01-15,7.59
R058,2025-02-04,13.8
R055,2025-03-06,11.9
R001,2025-01-05,9.2
R096,2025-01-23,6.1
R001,2025-01-12,10.73
R055,2025-02-10,10.6
R047,2025-02-06,7.52
R011,2025-03-11,10.53
R004,2025-02-08,7.2
R008,2025-01-29,8.42
R072,2025-01-06,5.38
R015,2025-01-15,10.2
R083,2025-01-29,5.1
R035,2025-02-12,10.47
R041,2025-03-10,8.54
R091,2025-02-17,10.32
R094,2025-01-14,11.28
R033,2025-02-09,10.69
R038,2025-02-28,5.94
R064,2025-01-02,12.13
R021,2025-01-21,7.49
R091,2025-01-15,11.24
R050,2025-01-13,8.32
R072,2025-01-26,6.79
R033,2025-02-25,6.87
R007,2025-01-25,5.94
R040,2025-01-27,13.33
R100,2025-02-22,10.19
R039,2025-01-23,11.63
R047,2025-01-06,9.9
R059,2025-02-19,10.86
R013,2025-03-07,13.35
R096,2025-02-19,9.01
R091,2025-01-06,9.18
R011,2025-03-09,9.87
R080,2025-03-03,6.39
R028,2025-01-29,8.34
R011,2025-01-07,14.31
R060,2025-01-30,8.16
R016,2025-03-11,8.13
R034,2025-01-24,9.27
R058,2025-02-25,14.99
R093,2025-01-17,10.57
R057,2025-03-01,6.47
R040,2025-01-14,13.12
R078,2025-02-02,10.05
R098,2025-01-23,7.54
R096,2025-02-24,6.98
R077,2025-02-21,9.86
R008,2025-03-01,7.9
R014,2025-02-01,10.48
R058,2025-02-12,10.87
R007,2025-02-16,7.93
R022,2025-01-22,10.77
R029,2025-02-27,7.65
R069,2025-02-20,7.69
R003,2025-03-11,9.8
R011,2025-01-05,10.92
R061,2025-01-18,10.39
R031,2025-01-16,7.23
R094,2025-01-02,11.7
R007,2025-01-08,10.91
R092,2025-02-03,11.57
R052,2025-03-05,10.6
R013,2025-02-02,14.33
R097,2025-02-22,12.47
R027,2025-01-19,8.68
R011,2025-03-07,8.62
R068,2025-02-15,11.9
R073,2025-01-06,11.11
R019,2025-03-03,10.43
R057,2025-02-08,7.16
R090,2025-01-12,7.51
R065,2025-01-24,11.81
R100,2025-02-08,9.02
R029,2025-01-12,8.55
R086,2025-02-05,11.2
R021,2025-01-06,8.91
R091,2025-03-09,10.61
R090,2025-01-31,11.86
R068,2025-01-07,12.96
R089,2025-02-24,8.52
R002,2025-01-16,10.39
R065,2025-02-06,11.21
R082,2025-01-28,6.83
R052,2025-01-27,11.44
R007,2025-02-26,9.51
R069,2025-02-04,7.09
R065,2025-03-07,12.97
R085,2025-03-04,10.37
R097,2025-01-31,10.46
R063,2025-01-22,10.1
R037,2025-03-07,12.07
R045,2025-03-06,6.36
R007,2025-02-02,9.3
R045,2025-03-10,5.95
R065,2025-01-30,11.57
R005,2025-02-18,8.33
R037,2025-02-20,8.8
R085,2025-02-08,13.03
R087,2025-02-23,8.88
R031,2025-02-19,5.34
R037,2025-01-28,7.6
R041,2025-01-27,11.35
R085,2025-03-01,12.99
R052,2025-01-17,11.18
R019,2025-01-12,8.81
R082,2025-03-10,9.02
R001,2025-02-13,7.86
R052,2025-02-16,12.26
R005,2025-01-11,6.36
R055,2025-01-23,8.02
R026,2025-01-25,9.71
R062,2025-02-23,11.7
R065,2025-02-12,11.11
R025,2025-01-13,5.68
R027,2025-01-03,6.48
R062,2025-01-04,7.43
R046,2025-01-05,8.78
R088,2025-01-15,7.16
R067,2025-02-08,9.29
R060,2025-03-04,6.27
R048,2025-01-05,9.71
R085,2025-01-24,9.75
R030,2025-01-05,6.41
R009,2025-02-27,9.12
R017,2025-01-04,9.23
R030,2025-02-09,7.77
R063,2025-01-17,9.2
R049,2025-03-03,8.99
R040,2025-02-02,13.3
R025,2025-02-02,6.06
R028,2025-03-09,9.33
R089,2025-02-25,10.49
R053,2025-02-21,10.79
R064,2025-02-07,10.97
R038,2025-01-16,7.17
R031,2025-03-08,4.85
R048,2025-02-18,10.54
R073,2025-01-04,9.26
R081,2025-01-30,10.6
R008,2025-01-06,5.8
R081,2025-02-13,10.56
R080,2025-03-07,11.09
R098,2025-02-07,8.45
R070,2025-01-26,11.36
R070,2025-01-07,11.43
R072,2025-01-05,11.51
R067,2025-02-18,7.83
R057,2025-01-15,7.62
R048,2025-02-26,9.11
R052,2025-02-05,10.16
R026,2025-01-18,11.0
R019,2025-02-06,8.09
R005,2025-01-20,7.42
R073,2025-02-03,7.09
R020,2025-02-13,6.17
R061,2025-02-10,8.11
R024,2025-03-04,10.48
R086,2025-01-31,12.96
R088,2025-02-18,8.41
R008,2025-03-04,5.96
R015,2025-02-23,10.23
R092,2025-03-11,11.84
R093,2025-01-28,11.12
R057,2025-01-08,11.35
R035,2025-03-05,9.92
R079,2025-02-09,10.24
R025,2025-02-17,8.52
R091,2025-01-21,10.38
R069,2025-02-28,6.67
R061,2025-01-10,8.12
R022,2025-02-09,7.85
R038,2025-02-11,7.41
R047,2025-01-03,9.28
R069,2025-03-03,7.21
R075,2025-02-19,8.43
R006,2025-03-03,10.0
R055,2025-02-08,7.63
R071,2025-01-11,6.48
R059,2025-01-05,14.44
R068,2025-02-13,12.26
R092,2025-01-01,10.12
R012,2025-01-06,5.13
R051,2025-02-24,5.42
R011,2025-02-28,8.6
R010,2025-01-17,7.79
R021,2025-02-18,9.18
R086,2025-03-09,8.17
R061,2025-01-01,11.65
R075,2025-02-02,10.62
R054,2025-01-12,8.24
R031,2025-03-09,8.47
R002,2025-03-04,9.46
R007,2025-02-27,9.85
R093,2025-01-22,11.55
R025,2025-02-13,7.24
R053,2025-01-04,8.41
R011,2025-01-15,12.61
R060,2025-01-10,9.68
R094,2025-01-07,14.45
R069,2025-03-09,6.21
R097,2025-02-26,10.57
R058,2025-02-24,12.68
R075,2025-01-07,10.83
R099,2025-03-10,11.75
R051,2025-01-12,7.51
R056,2025-01-27,13.73
R021,2025-02-05,7.27
R075,2025-01-09,10.44
R096,2025-02-26,10.0
R042,2025-02-01,6.54
R017,2025-01-08,13.05
R055,2025-01-14,7.84
R033,2025-03-10,8.37
R050,2025-01-27,9.57
R091,2025-02-23,9.74
R027,2025-01-06,8.77
R077,2025-01-16,10.35
R014,2025-03-08,10.23
R089,2025-01-31,9.68
R040,2025-02-03,10.11
R029,2025-01-08,4.54
R008,2025-02-27,6.4
R035,2025-01-24,9.3
R046,2025-01-23,7.81
R058,2025-02-11,9.11
R037,2025-02-06,9.23
R059,2025-02-24,13.76
R033,2025-03-06,11.05
R100,2025-02-19,8.85
R086,2025-02-18,10.48
R071,2025-03-07,9.65
R047,2025-01-19,11.14
R063,2025-03-03,6.3
R019,2025-02-28,7.76
R035,2025-02-07,7.62
R006,2025-01-03,8.67
R046,2025-01-11,6.99
R070,2025-02-03,13.42
R039,2025-03-06,10.02
R080,2025-01-24,7.75
R020,2025-02-25,5.15
R100,2025-02-17,10.06
R058,2025-02-27,14.02
R060,2025-01-28,7.51
R003,2025-02-06,11.96
R051,2025-01-07,10.0
R035,2025-02-20,6.0
R043,2025-01-29,7.73
R014,2025-03-02,9.33
R049,2025-02-25,9.95
R098,2025-02-13,10.59
R019,2025-01-24,11.05
R029,2025-01-15,7.74
R078,2025-02-05,12.09
R049,2025-02-27,9.29
R003,2025-03-06,8.39
R071,2025-01-06,7.75
R041,2025-03-04,8.42
R031,2025-02-14,9.13
R072,2025-01-08,5.66
R066,2025-01-24,8.74
R051,2025-02-03,6.01
R048,2025-03-03,6.72
R093,2025-01-29,8.91
R065,2025-02-03,11.03
R020,2025-02-26,9.04
R066,2025-02-14,5.26
R021,2025-01-18,11.92
R085,2025-01-17,8.7
R083,2025-02-06,7.75
R074,2025-02-27,13.13
R063,2025-03-04,6.14
R010,2025-01-20,7.11
R054,2025-01-30,11.21
R019,2025-03-07,8.0
R007,2025-01-07,10.93
R016,2025-02-28,7.42
R008,2025-01-25,5.95
R030,2025-01-01,6.19
R011,2025-02-12,9.0
R059,2025-01-25,13.11
R082,2025-01-11,11.77
R039,2025-01-22,8.58
R030,2025-03-03,5.03
R029,2025-02-18,8.25
R066,2025-01-20,9.96
R100,2025-03-02,10.1
R005,2025-02-27,6.23
R013,2025-02-09,10.9
R090,2025-01-27,9.76
R093,2025-01-26,7.81
R011,2025-01-24,10.16
R043,2025-03-03,5.45
R088,2025-02-13,6.62
R035,2025-02-06,9.12
R007,2025-01-18,8.74
R036,2025-01-07,10.39
R059,2025-03-07,11.62
R015,2025-01-14,10.28
R045,2025-02-04,7.31
R005,2025-03-01,8.92
R013,2025-01-15,10.33
R089,2025-03-04,6.83
R009,2025-02-11,9.33
R039,2025-01-05,9.08
R016,2025-03-07,5.18
R040,2025-02-01,10.61
R044,2025-01-03,5.92
R021,2025-02-15,11.17
R053,2025-03-03,6.91
R069,2025-02-06,5.54
R041,2025-03-03,11.92
R085,2025-01-08,13.9
R095,2025-01-01,12.55
R100,2025-02-14,9.73
R036,2025-01-25,8.77
R098,2025-01-14,9.52
R003,2025-01-21,8.14
R007,2025-01-02,12.81
R090,2025-03-05,9.68
R090,2025-01-14,6.16
R015,2025-01-16,11.33
R031,2025-01-26,8.15
R047,2025-02-07,7.61
R085,2025-01-26,13.6
R049,2025-01-09,6.39
R024,2025-01-11,12.51
R065,2025-01-18,10.68
R074,2025-01-21,14.17
R042,2025-01-29,7.9
R025,2025-02-23,8.28
R093,2025-03-01,10.04
R040,2025-01-26,9.74
R052,2025-02-19,10.39
R084,2025-01-08,10.13
R053,2025-01-23,8.81
R083,2025-02-14,6.4
R097,2025-01-01,8.89
R015,2025-01-05,8.03
R062,2025-02-18,8.91
R068,2025-01-16,12.02
R073,2025-01-17,6.4
R057,2025-02-16,10.17
R022,2025-01-19,8.59
R054,2025-01-24,8.11
R040,2025-02-13,10.92
R045,2025-02-03,6.57
R023,2025-01-17,10.97
R021,2025-01-10,7.79
R090,2025-02-05,6.86
R059,2025-02-10,11.34
R068,2025-01-10,9.95
R016,2025-03-06,6.21
R068,2025-02-02,9.13
R084,2025-01-19,8.15
R030,2025-01-07,5.34
R006,2025-01-25,10.6
R008,2025-01-28,9.3
R062,2025-02-02,5.52
R019,2025-02-05,12.37
R021,2025-01-15,7.96
R014,2025-02-21,11.15
R028,2025-01-17,11.62
R020,2025-01-06,10.08
R100,2025-01-02,11.95
R031,2025-02-26,10.05
R065,2025-03-01,9.84
R022,2025-01-20,7.51
R043,2025-03-04,9.63
R008,2025-01-17,7.61
R040,2025-02-05,12.09
R095,2025-02-03,8.36
R087,2025-02-06,11.65
R037,2025-02-26,11.51
R009,2025-02-08,9.11
R013,2025-02-12,12.33
R027,2025-01-24,8.89
R099,2025-03-09,8.39
R049,2025-03-10,6.8
R025,2025-01-01,6.69
R026,2025-02-11,8.41
R054,2025-02-23,11.63
R012,2025-01-24,7.94
R043,2025-01-10,7.53
R053,2025-02-15,11.44
R094,2025-03-03,10.15
R089,2025-02-06,7.49
R078,2025-01-19,12.94
R064,2025-01-23,8.95
R011,2025-01-30,11.71
R062,2025-01-15,12.85
R082,2025-02-13,8.75
R095,2025-01-10,8.82
R005,2025-01-10,8.85
R012,2025-02-08,7.32
R095,2025-02-08,12.36
R023,2025-03-02,6.81
R042,2025-03-02,8.38
R073,2025-01-22,10.23
R043,2025-01-21,6.28
R013,2025-02-23,11.83
R048,2025-02-16,7.98
R063,2025-03-08,7.45
R017,2025-03-01,7.58
R027,2025-01-30,10.85
R053,2025-01-06,8.3
R012,2025-01-05,6.58
R046,2025-01-19,9.22
R006,2025-01-31,8.65
R088,2025-01-09,6.68
R006,2025-02-02,7.55
R074,2025-01-20,11.09
R056,2025-01-31,12.15
R091,2025-01-08,9.41
R011,2025-01-31,10.34
R095,2025-01-06,10.99
R058,2025-02-07,11.18
R005,2025-01-05,8.33
R039,2025-02-10,8.8
R025,2025-02-09,5.14
R072,2025-02-17,5.47
R099,2025-01-31,6.35
R011,2025-02-05,13.47
R090,2025-03-07,8.54
R035,2025-02-01,7.27
R003,2025-02-16,10.64
R036,2025-01-11,8.65
R015,2025-01-02,10.5
R065,2025-01-25,12.87
R082,2025-02-20,9.45
R074,2025-01-30,8.17
R026,2025-01-20,10.92
R067,2025-02-15,8.44
R051,2025-03-11,6.03
R087,2025-02-09,11.7
R063,2025-01-09,7.28
R053,2025-03-11,10.49
R023,2025-02-11,9.22
R028,2025-01-04,10.72
R046,2025-01-28,8.61
R009,2025-01-19,7.42
R066,2025-02-08,6.96
R054,2025-02-09,8.87
R074,2025-03-10,13.9
R018,2025-02-12,9.03
R012,2025-02-24,7.75
R074,2025-01-25,13.91
R059,2025-03-01,10.3
R078,2025-03-10,10.38
R005,2025-02-05,7.04
R057,2025-01-09,8.93
R098,2025-01-16,8.85
R027,2025-03-01,10.5
R003,2025-01-07,9.07
R004,2025-02-24,10.17
R071,2025-03-08,6.67
R028,2025-02-21,9.85
R024,2025-02-18,7.32
R020,2025-02-06,6.45
R031,2025-01-27,6.75
R093,2025-01-07,12.66
R056,2025-03-11,9.84
R012,2025-02-03,7.59
R047,2025-02-24,5.79
R075,2025-02-04,12.37
R067,2025-03-03,8.71
R069,2025-02-13,5.13
R030,2025-02-13,6.41
R098,2025-02-06,11.29
R043,2025-02-05,7.99
R096,2025-02-16,8.32
R090,2025-01-02,8.64
R083,2025-03-04,7.01
R006,2025-01-16,11.43
R058,2025-01-06,13.09
R032,2025-01-20,8.82
R095,2025-01-29,10.58
R005,2025-02-25,10.18
R093,2025-02-06,8.65
R074,2025-01-06,9.25
R012,2025-02-23,8.92
R057,2025-02-02,9.05
R074,2025-02-17,8.76
R063,2025-01-29,7.13
R093,2025-01-19,10.76
R013,2025-01-13,12.33
R016,2025-01-17,4.91
R072,2025-01-24,6.32
R036,2025-02-07,11.19
R024,2025-03-05,11.09
R038,2025-02-27,9.34
R074,2025-03-05,14.31
R070,2025-01-01,10.79
R043,2025-01-04,7.68
R035,2025-02-17,6.33
R062,2025-01-25,8.97
R028,2025-03-08,9.9
R034,2025-01-03,9.05
R024,2025-01-29,9.9
R048,2025-02-21,8.4
R080,2025-01-28,9.08
R055,2025-01-05,10.61
R031,2025-02-25,11.26
R029,2025-03-01,9.26
R030,2025-02-02,6.99
R014,2025-01-04,8.34
R022,2025-02-15,8.75
R081,2025-03-10,11.55
R035,2025-01-04,8.23
R070,2025-01-10,13.06
R055,2025-02-26,9.92
R074,2025-01-05,11.23
R043,2025-02-20,6.49
R028,2025-01-03,11.67
R039,2025-01-15,7.54
R060,2025-01-17,7.33
R086,2025-01-03,11.04
R076,2025-02-05,7.74
R007,2025-01-20,11.08
R050,2025-03-11,13.8
R062,2025-01-01,10.11
R078,2025-02-12,7.48
R064,2025-02-23,12.91
R097,2025-01-10,11.3
R065,2025-03-04,10.09
R029,2025-02-24,8.37
R044,2025-03-08,10.32
R066,2025-03-08,8.04
R071,2025-02-23,6.12
R054,2025-03-03,9.11
R055,2025-02-17,8.81
R023,2025-02-25,7.06
R069,2025-02-21,6.5
R053,2025-01-22,9.04
R047,2025-02-13,10.11
R034,2025-02-24,8.69
R027,2025-03-09,10.58
R014,2025-01-01,12.73
R042,2025-01-28,7.6
R094,2025-02-22,10.42
R077,2025-02-01,12.31
R079,2025-01-30,9.84
R041,2025-02-03,7.8
R049,2025-02-19,10.26
R085,2025-01-07,13.91
R077,2025-03-02,10.76
R041,2025-01-29,7.97
R074,2025-02-09,13.75
R093,2025-03-10,10.89
R003,2025-01-23,11.14
R028,2025-01-18,6.48
R041,2025-01-16,11.17
R015,2025-02-01,12.11
R086,2025-01-17,8.09
R067,2025-01-04,9.67
R077,2025-02-06,13.0
R040,2025-02-19,10.98
R004,2025-01-27,9.03
R088,2025-02-12,7.2
R018,2025-03-06,10.95
R012,2025-02-14,8.38
R002,2025-02-10,10.25
R063,2025-01-20,6.71
R030,2025-02-10,7.43
R066,2025-01-29,9.43
R001,2025-03-10,10.49
R069,2025-01-17,9.81
R069,2025-02-17,4.82
R091,2025-02-14,10.8
R003,2025-01-16,8.83
R061,2025-01-08,8.73
R029,2025-01-29,5.62
R031,2025-02-02,9.64
R015,2025-03-06,9.52
R007,2025-01-01,8.94
R046,2025-01-30,7.2
R068,2025-01-18,11.68
R068,2025-01-15,10.2
R036,2025-02-12,13.84
R036,2025-03-03,12.33
R079,2025-02-13,7.29
R092,2025-01-30,10.71
R036,2025-01-06,8.79
R063,2025-02-17,9.21
R010,2025-01-26,9.66
R094,2025-02-27,10.13
R060,2025-01-12,9.71
R094,2025-01-20,7.59
R038,2025-02-24,9.06
R009,2025-01-17,9.54
R094,2025-01-04,10.87
R046,2025-03-06,8.17
R063,2025-02-24,8.11
R091,2025-02-05,9.35
R063,2025-02-25,9.77
R020,2025-02-04,8.58
R060,2025-03-02,10.6
R059,2025-03-06,9.26
R056,2025-02-27,12.89
R069,2025-01-27,6.15
R016,2025-03-05,8.35
R066,2025-02-24,8.86
R021,2025-01-31,11.72
R094,2025-01-21,8.82
R069,2025-01-07,6.8
R066,2025-03-06,6.99
R005,2025-03-05,10.07
R091,2025-01-04,12.71
R054,2025-02-19,7.38
R031,2025-02-01,8.1
R060,2025-01-26,8.87
R094,2025-01-06,8.49
R016,2025-02-22,7.56
R029,2025-02-25,9.34
R011,2025-01-02,11.4
R078,2025-01-22,9.92
R095,2025-03-03,9.31
R026,2025-03-04,8.39
R049,2025-02-18,10.5
R061,2025-01-31,9.89
R067,2025-02-14,9.25
R057,2025-01-26,10.24
R065,2025-02-05,11.85
R084,2025-02-15,6.72
R071,2025-01-14,7.55
R039,2025-02-23,8.33
R039,2025-01-09,11.35
R087,2025-01-16,10.29
R082,2025-02-14,10.72
R021,2025-03-03,10.66
R016,2025-02-23,7.9
R085,2025-02-01,10.61
R050,2025-03-05,8.57
R019,2025-02-24,9.18
R018,2025-02-24,10.35
R099,2025-03-03,11.36
R100,2025-02-27,7.44
R057,2025-01-28,11.04
R100,2025-03-10,10.1
R062,2025-02-12,9.18
R067,2025-01-13,10.19
R030,2025-02-18,9.05
R014,2025-01-19,6.38
R021,2025-02-28,6.88
R064,2025-03-09,8.63
R091,2025-03-07,10.55
R098,2025-02-17,7.64
R099,2025-01-04,9.63
R030,2025-01-22,6.38
R084,2025-02-03,6.45
R081,2025-01-04,9.17
R024,2025-02-04,10.69
R091,2025-02-28,12.77
R095,2025-02-21,11.46
R002,2025-02-15,10.41
R019,2025-02-02,9.64
R028,2025-03-05,7.96
R096,2025-02-25,6.72
R003,2025-01-17,9.5
R048,2025-01-01,10.26
R060,2025-02-19,6.78
R092,2025-02-16,9.4
R045,2025-01-08,9.39
R042,2025-03-04,8.8
R064,2025-01-03,8.5
R072,2025-01-03,8.95
R067,2025-03-07,7.48
R019,2025-02-27,9.5
R033,2025-02-06,6.35
R001,2025-03-03,8.72
R023,2025-02-21,8.58
R099,2025-01-19,8.18
R012,2025-01-30,9.67
R010,2025-01-29,10.6
R015,2025-02-25,13.47
R084,2025-02-28,7.39
R009,2025-03-11,8.5
R083,2025-01-17,8.84
R036,2025-02-26,7.43
R056,2025-03-02,13.12
R001,2025-02-15,9.12
R036,2025-03-11,11.38
R032,2025-01-04,12.04
R011,2025-02-13,9.04
R045,2025-03-09,10.42
R009,2025-02-24,10.94
R099,2025-02-25,7.35
R039,2025-02-05,11.26
R034,2025-02-27,8.56
R038,2025-01-02,8.28
R038,2025-01-18,6.35
R018,2025-01-15,9.56
R002,2025-02-12,8.46
R088,2025-03-04,7.72
R098,2025-01-03,9.45
R047,2025-02-16,9.6
R063,2025-02-07,9.21
R095,2025-01-25,12.89
R082,2025-01-07,5.95
R046,2025-01-20,10.02
R093,2025-01-21,11.38
R018,2025-02-14,7.5
R038,2025-01-17,4.78
R057,2025-01-16,5.2
R055,2025-02-19,11.96
R032,2025-01-14,5.44
R008,2025-02-03,6.06
R072,2025-02-14,7.33
R070,2025-01-02,7.23
R051,2025-03-10,10.05
R053,2025-01-21,10.23
R039,2025-01-19,11.4
R099,2025-02-05,11.6
R030,2025-03-08,6.78
R082,2025-02-24,9.15
R008,2025-03-10,5.21
R073,2025-01-26,5.86
R049,2025-01-30,6.32
R096,2025-02-07,7.27
R017,2025-01-18,9.05
R039,2025-02-07,12.62
R065,2025-02-17,8.55
R004,2025-02-23,9.65
R020,2025-02-28,7.12
R076,2025-02-15,10.72
R003,2025-03-09,8.85
R087,2025-01-25,13.16
R014,2025-01-10,8.72
R016,2025-01-16,6.14
R100,2025-02-02,7.79
R095,2025-03-11,11.1
R006,2025-02-23,10.97
R035,2025-01-05,6.81
R084,2025-01-17,6.57
R020,2025-02-02,7.57
R044,2025-01-23,6.58
R058,2025-02-18,13.09
R087,2025-02-28,12.82
R084,2025-03-04,10.58
R064,2025-02-12,10.98
R052,2025-01-01,10.25
R091,2025-02-18,10.25
R024,2025-01-19,10.03
R048,2025-01-18,8.85
R019,2025-01-21,9.43
R072,2025-03-04,6.55
R093,2025-02-23,14.67
R024,2025-01-28,11.57
R087,2025-01-28,10.43
R074,2025-02-03,10.12
R021,2025-02-23,9.04
R039,2025-02-13,7.46
R057,2025-03-09,7.14
R049,2025-01-23,10.25
R095,2025-01-18,8.48
R002,2025-03-03,8.11
R085,2025-02-04,11.38
R021,2025-02-04,7.15
R032,2025-03-10,6.67
R099,2025-02-26,8.85
R079,2025-01-03,5.3
R023,2025-02-07,9.71
R071,2025-02-22,4.49
R036,2025-01-05,9.1
R031,2025-01-02,8.31
R027,2025-01-27,6.99
R037,2025-03-04,11.18
R057,2025-03-02,9.77
R088,2025-02-09,8.61
R073,2025-02-15,6.64
R009,2025-01-21,10.95
R023,2025-01-05,10.24
R058,2025-01-29,11.45
R017,2025-02-11,10.15
R053,2025-02-10,11.36
R037,2025-01-12,11.16
R075,2025-02-24,8.79
R002,2025-01-29,10.87
R035,2025-01-11,8.03
R100,2025-01-12,11.24
R017,2025-02-18,11.08
R049,2025-02-14,6.48
R080,2025-02-13,6.14
R066,2025-01-28,9.14
R070,2025-01-23,9.88
R020,2025-02-09,7.29
R030,2025-02-26,8.59
R039,2025-02-04,7.23
R037,2025-01-05,6.95
R082,2025-01-12,8.93
R019,2025-02-23,7.03
R061,2025-02-14,9.86
R052,2025-01-16,12.03
R080,2025-02-02,6.85
R064,2025-01-19,8.36
R003,2025-01-24,10.28
R018,2025-01-12,12.04
R089,2025-02-02,8.46
R020,2025-02-10,8.4
R055,2025-02-20,11.28
R054,2025-01-23,7.46
R019,2025-01-18,12.3
R097,2025-01-12,10.28
R028,2025-01-28,9.24
R043,2025-01-31,8.48
R024,2025-01-10,11.38
R008,2025-02-04,5.97
R011,2025-01-23,13.06
R010,2025-02-21,9.33
R013,2025-02-20,11.95
R080,2025-02-27,8.08
R026,2025-01-07,9.5
R020,2025-01-23,5.9
R012,2025-01-01,9.01
R010,2025-03-04,7.38
R084,2025-01-29,8.9
R008,2025-03-02,6.9
R002,2025-01-26,10.04
R091,2025-01-17,10.15
R061,2025-01-11,11.39
R010,2025-01-18,6.97
R035,2025-03-10,10.45
R092,2025-02-26,11.92
R055,2025-01-10,10.82
R012,2025-02-22,6.9
R083,2025-02-23,8.21
R079,2025-01-23,7.57
R057,2025-01-04,9.9
R079,2025-01-04,12.26
R059,2025-03-02,12.95
R001,2025-01-11,8.28
R009,2025-02-16,9.51
R087,2025-02-01,9.38
R031,2025-02-09,6.64
R055,2025-02-12,10.15
R070,2025-02-21,12.75
R031,2025-02-23,5.95
R073,2025-02-21,9.85
R072,2025-02-28,9.04
R044,2025-01-10,8.1
R044,2025-01-27,8.34
R008,2025-01-11,5.66
R049,2025-02-06,9.65
R014,2025-01-09,11.03
R075,2025-03-04,11.84
R044,2025-01-30,8.23
R042,2025-03-01,8.18
R010,2025-02-11,8.76
R050,2025-02-08,10.19
R033,2025-02-15,5.9
R042,2025-02-26,5.66
R048,2025-02-04,12.57
R004,2025-02-04,6.91
R062,2025-02-16,10.0
R098,2025-02-19,9.0
R100,2025-01-31,8.77
R026,2025-02-13,9.89
R038,2025-01-25,7.05
R026,2025-02-19,7.1
R035,2025-02-23,10.33
R013,2025-01-10,10.86
R068,2025-01-30,10.1
R048,2025-01-30,10.13
R026,2025-01-16,10.09
R016,2025-01-01,7.39
R002,2025-03-06,11.0
R070,2025-02-10,11.08
R026,2025-01-01,7.51
R033,2025-02-13,8.9
R031,2025-02-24,4.03
R004,2025-01-09,5.88
R047,2025-01-02,8.49
R011,2025-01-25,11.59
R028,2025-01-26,10.38
R065,2025-03-06,9.92
R003,2025-02-27,9.59
R016,2025-01-06,5.43
R042,2025-02-04,9.19
R039,2025-01-14,7.34
R061,2025-01-05,9.9
R022,2025-01-06,8.26
R084,2025-01-10,8.51
R033,2025-01-13,8.82
R040,2025-01-21,12.69
R054,2025-01-14,6.61
R090,2025-02-22,9.07
R024,2025-02-25,11.23
R094,2025-02-17,9.14
R075,2025-03-09,12.3
R028,2025-02-25,9.49
R034,2025-02-03,7.98
R014,2025-03-10,8.77
R015,2025-02-17,10.13
R069,2025-01-10,8.46
R055,2025-03-04,11.13
R077,2025-03-11,9.36
R064,2025-02-18,7.41
R083,2025-03-05,9.27
R075,2025-01-12,11.14
R043,2025-02-25,5.48
R031,2025-01-20,8.06
R063,2025-01-27,6.15
R060,2025-01-01,4.64
R012,2025-02-04,6.34
R050,2025-02-25,9.41
R047,2025-01-09,8.04
R099,2025-01-22,11.16
R092,2025-02-06,10.58
R043,2025-01-18,6.92
R035,2025-01-03,6.61
R087,2025-03-01,9.55
R029,2025-01-25,6.0
R052,2025-03-11,8.01
R004,2025-02-12,9.22
R032,2025-01-28,9.55
R072,2025-02-21,6.85
R051,2025-02-05,8.81
R090,2025-01-17,8.69
R058,2025-01-10,12.12
R072,2025-02-02,7.0
R071,2025-01-08,5.83
R077,2025-03-09,9.44
R059,2025-01-09,12.52
R013,2025-01-08,10.52
R094,2025-02-28,10.62
R009,2025-02-07,6.98
R078,2025-02-20,8.57
R035,2025-01-21,12.01
R040,2025-01-03,12.04
R063,2025-01-06,10.58
R030,2025-02-25,6.81
R012,2025-01-18,5.37
R085,2025-02-02,10.62
R070,2025-01-31,12.04
R026,2025-01-13,7.17
R094,2025-01-17,10.14
R098,2025-02-14,6.88
R079,2025-01-07,4.85
R023,2025-01-28,6.9
R008,2025-01-09,4.93
R040,2025-01-11,13.56
R099,2025-03-05,10.41
R001,2025-01-31,8.46
R038,2025-01-13,4.87
R040,2025-02-07,12.38
R027,2025-02-04,10.08
R093,2025-02-08,9.67
R049,2025-02-09,10.97
R084,2025-03-02,6.25
R068,2025-01-09,8.33
R002,2025-01-12,11.48
R087,2025-02-12,8.93
R060,2025-01-25,6.06
R053,2025-01-19,9.13
R074,2025-02-15,12.05
R061,2025-02-25,9.89
R025,2025-03-04,7.07
R064,2025-02-01,8.89
R023,2025-01-14,8.59
R081,2025-01-23,13.17
R077,2025-02-13,8.33
R076,2025-01-14,11.46
R052,2025-02-25,8.53
R065,2025-03-08,11.92
R032,2025-02-11,7.58
R005,2025-02-24,9.73
R041,2025-01-04,8.36
R021,2025-03-04,8.4
R041,2025-01-12,7.49
R010,2025-02-01,6.23
R029,2025-03-06,7.47
R078,2025-02-03,7.41
R055,2025-02-01,9.79
R068,2025-02-27,10.13
R074,2025-02-04,12.72
R049,2025-02-07,8.78
R031,2025-01-15,7.04
R062,2025-01-11,10.74
R027,2025-01-22,8.83
R072,2025-03-05,7.58
R056,2025-03-03,11.94
R051,2025-02-01,8.72
R042,2025-01-12,8.64
R008,2025-02-07,7.7
R054,2025-02-06,8.01
R094,2025-01-10,10.74
R039,2025-01-31,9.88
R079,2025-01-16,5.35
R100,2025-02-28,10.71
R004,2025-01-15,8.65
R054,2025-01-01,7.49
R052,2025-02-28,7.76
R017,2025-01-02,11.06
R006,2025-03-02,6.89
R006,2025-01-30,11.21
R018,2025-01-24,10.03
R099,2025-02-16,6.12
R089,2025-01-03,10.21
R055,2025-03-07,10.94
R021,2025-01-30,11.62
R041,2025-03-09,7.93
R041,2025-02-28,11.1
R057,2025-02-23,6.93
R011,2025-01-27,12.42
R005,2025-02-09,9.0
R044,2025-03-06,6.19
R019,2025-02-20,11.32
R093,2025-02-22,11.28
R004,2025-01-02,11.1
R041,2025-01-21,12.71
R006,2025-01-09,11.6
R034,2025-01-09,9.95
R069,2025-01-15,7.54
R056,2025-01-09,11.25
R081,2025-03-01,7.34
R052,2025-02-21,8.45
R030,2025-01-31,8.36
R050,2025-01-09,9.41
R074,2025-03-11,13.35
R090,2025-01-25,13.18
R084,2025-01-11,5.48
R002,2025-01-03,10.81
R100,2025-01-21,10.51
R094,2025-03-07,9.76
R093,2025-01-05,10.51
R005,2025-01-19,9.6
R083,2025-01-25,9.15
R034,2025-03-09,6.32
R031,2025-01-01,5.96
R001,2025-01-16,8.37
R037,2025-03-05,8.15
R063,2025-02-04,7.53
R055,2025-02-27,10.1
R044,2025-02-05,6.29
R085,2025-01-11,13.94
R011,2025-01-19,8.99
R030,2025-02-23,3.43
R027,2025-02-27,10.65
R067,2025-03-09,7.87
R020,2025-03-11,8.04
R052,2025-01-14,8.28
R044,2025-01-21,6.44
R076,2025-02-06,12.33
R051,2025-01-30,7.97
R006,2025-03-01,6.98
R099,2025-03-02,9.6
R050,2025-01-31,8.95
R100,2025-01-26,10.03
R015,2025-01-10,9.93
R083,2025-02-13,4.5
R086,2025-01-18,11.47
R035,2025-03-02,8.53
R033,2025-02-18,6.42
R026,2025-03-03,11.32
R085,2025-02-16,8.43
R058,2025-03-07,10.49
R008,2025-01-02,7.5
R077,2025-01-05,7.68
R021,2025-02-21,11.6
R019,2025-02-18,8.15
R023,2025-01-03,6.86
R057,2025-02-19,7.18
R049,2025-01-07,4.36
R056,2025-01-18,10.0
R044,2025-01-14,5.8
R046,2025-02-01,7.63
R086,2025-02-26,10.98
R030,2025-02-03,7.08
R049,2025-02-28,8.11
R046,2025-02-17,7.31
R076,2025-01-09,8.34
R033,2025-02-03,8.1
R036,2025-01-27,9.06
R080,2025-02-12,7.08
R004,2025-01-11,7.15
R053,2025-02-03,8.97
R002,2025-01-10,11.26
R088,2025-01-21,9.24
R083,2025-02-20,8.09
R076,2025-02-09,9.47
R054,2025-02-28,8.15
R029,2025-01-22,7.7
R055,2025-02-14,10.43
R079,2025-02-25,7.85
R063,2025-03-09,11.08
R016,2025-01-24,6.28
R043,2025-03-09,8.37
R064,2025-02-06,9.6
R045,2025-02-12,9.29
R078,2025-03-01,9.32
R098,2025-02-08,7.44
R003,2025-01-20,10.17
R059,2025-02-03,9.16
R079,2025-02-22,7.95
R043,2025-01-09,5.13
R047,2025-01-28,10.03
R058,2025-01-05,10.36
R091,2025-03-04,9.79
R003,2025-01-26,7.86
R086,2025-01-20,13.34
R092,2025-02-21,9.25
R080,2025-02-10,7.21
R075,2025-02-27,10.25
R089,2025-01-19,9.89
R045,2025-02-05,9.65
R014,2025-03-05,10.89
R064,2025-02-24,12.56
R066,2025-02-23,11.64
R026,2025-03-05,9.23
R091,2025-02-21,13.34
R100,2025-03-06,12.42
R026,2025-01-28,10.06
R038,2025-01-24,4.82
R046,2025-01-10,6.13
R058,2025-03-01,8.48
R024,2025-02-21,11.88
R046,2025-02-28,6.98
R083,2025-01-27,7.54
R004,2025-02-17,7.74
R060,2025-03-09,8.12
R043,2025-01-03,6.85
R085,2025-02-20,13.13
R022,2025-02-02,9.78
R001,2025-02-01,10.61
R007,2025-01-26,11.73
R080,2025-01-09,9.27
R032,2025-02-04,6.26
R017,2025-01-06,9.61
R100,2025-01-20,11.29
R089,2025-03-06,9.56
R033,2025-01-17,9.56
R085,2025-01-23,11.28
R035,2025-02-22,8.78
R074,2025-01-09,9.91
R082,2025-01-05,9.32
R012,2025-02-15,9.43
R036,2025-02-02,10.03
R087,2025-03-11,13.11
R017,2025-02-14,11.92
R070,2025-02-15,11.74
R067,2025-02-13,6.33
R059,2025-01-27,10.67
R088,2025-02-16,8.24
R020,2025-03-06,6.2
R078,2025-01-07,7.79
R079,2025-01-10,8.14
R017,2025-03-08,13.25
R062,2025-01-23,11.39
R029,2025-03-07,8.84
R019,2025-01-31,8.89
R085,2025-01-21,13.39
R062,2025-03-03,10.72
R040,2025-02-27,13.03
R010,2025-02-20,9.34
R057,2025-02-10,8.36
R003,2025-02-23,10.46
R051,2025-01-17,7.36
R055,2025-02-23,9.12
R036,2025-01-24,11.44
R027,2025-03-04,9.99
R024,2025-01-26,10.16
R059,2025-02-21,13.87
R057,2025-01-13,10.75
R045,2025-01-25,8.88
R017,2025-01-10,10.92
R028,2025-01-07,6.38
R029,2025-01-21,8.76
R054,2025-02-08,5.63
R031,2025-02-04,6.99
R074,2025-01-03,10.56
R085,2025-02-25,10.71
R095,2025-02-19,7.79
R047,2025-02-15,10.25
R038,2025-02-21,7.21
R081,2025-01-19,12.26
R078,2025-03-05,8.5
R051,2025-02-06,7.3
R065,2025-01-08,8.8
R005,2025-01-09,8.02
R008,2025-01-22,8.86
R019,2025-02-12,12.52
R060,2025-03-01,6.54
R066,2025-01-18,8.72
R096,2025-03-01,7.46
R061,2025-01-19,5.89
R013,2025-02-19,11.12
R034,2025-01-01,8.18
R097,2025-03-10,9.66
R014,2025-02-04,9.94
R027,2025-02-02,12.67
R096,2025-01-15,7.21
R019,2025-01-07,7.42
R098,2025-01-26,7.08
R068,2025-01-04,10.32
R058,2025-02-03,10.31
R085,2025-02-26,10.1
R065,2025-01-20,10.04
R075,2025-01-23,11.0
R063,2025-03-06,8.5
R021,2025-01-17,11.62
R043,2025-02-16,9.81
R036,2025-03-08,10.62
R062,2025-03-10,11.36
R081,2025-02-28,10.75
R072,2025-02-01,9.93
R077,2025-03-10,10.39
R090,2025-01-10,9.33
R094,2025-02-03,10.34
R046,2025-03-08,8.51
R066,2025-01-19,6.06
R077,2025-03-05,12.77
R072,2025-01-21,11.44
R022,2025-01-11,7.81
R045,2025-01-12,10.01
R082,2025-02-12,8.25
R008,2025-02-17,6.19
R076,2025-02-07,8.53
R050,2025-02-19,11.39
R019,2025-01-04,10.44
R051,2025-03-08,9.51
R037,2025-02-09,9.32
R100,2025-02-16,12.26
R082,2025-01-21,6.44
R036,2025-02-19,12.7
R047,2025-01-12,7.01
R011,2025-03-03,8.92
R029,2025-01-04,5.69
R057,2025-02-22,7.96
R088,2025-03-06,7.28
R015,2025-02-02,8.76
R034,2025-02-08,9.68
R010,2025-01-13,8.93
R051,2025-02-02,9.95
R064,2025-01-14,10.63
R002,2025-03-10,9.27
R021,2025-03-11,8.73
R031,2025-01-12,5.93
R006,2025-02-17,11.77
R056,2025-01-30,10.89
R007,2025-02-07,9.23
R011,2025-03-10,11.44
R024,2025-01-08,8.36
R048,2025-01-28,12.01
R009,2025-02-05,8.0
R037,2025-02-19,11.88
R055,2025-01-31,11.14
R021,2025-02-19,8.81
R076,2025-02-22,10.22
R090,2025-02-14,7.06
R052,2025-02-26,9.44
R062,2025-02-04,9.26
R032,2025-01-27,9.11
R089,2025-01-13,12.28
R046,2025-02-15,6.95
R031,2025-01-21,4.77
R080,2025-01-12,5.52
R095,2025-01-24,11.69
R046,2025-02-14,7.83
R029,2025-02-09,8.37
R061,2025-01-17,8.07
R096,2025-02-22,4.86
R005,2025-01-22,9.28
R051,2025-01-15,8.14
R082,2025-02-02,8.15
R042,2025-01-23,10.91
R003,2025-02-28,9.21
R039,2025-01-29,9.7
R019,2025-02-10,9.79
R092,2025-03-08,12.07
R057,2025-01-10,5.38
R023,2025-03-01,8.01
R047,2025-01-18,7.48
R079,2025-02-14,9.2
R023,2025-02-13,9.61
R044,2025-03-02,4.4
R047,2025-01-23,5.84
R049,2025-02-21,6.86
R069,2025-03-07,4.11
R037,2025-01-27,12.49
R052,2025-02-12,10.06
R049,2025-02-23,11.49
R004,2025-03-11,6.81
R064,2025-01-06,6.45
R092,2025-02-14,7.77
R052,2025-01-19,7.18
R009,2025-02-13,12.82
R027,2025-02-09,8.04
R041,2025-01-03,11.06
R047,2025-01-15,9.78
R006,2025-02-18,9.91
R010,2025-01-25,7.28
R024,2025-01-06,10.48
R030,2025-02-04,9.21
R080,2025-02-21,6.59
R007,2025-02-12,8.1
R033,2025-02-14,8.39
R097,2025-01-11,8.99
R062,2025-01-20,8.01
R084,2025-03-07,9.76
R028,2025-03-06,8.88
R097,2025-02-13,12.69
R009,2025-02-21,10.0
R057,2025-01-30,7.76
R033,2025-03-08,6.78
R052,2025-03-10,12.01
R067,2025-01-20,9.2
R003,2025-02-14,8.27
R097,2025-03-09,10.42
R074,2025-02-28,13.12
R017,2025-02-23,6.82
R006,2025-01-11,9.23
R078,2025-02-26,10.18
R001,2025-02-05,6.99
R100,2025-01-15,11.12
R062,2025-03-05,8.05
R013,2025-01-04,12.6
R053,2025-01-18,9.27
R039,2025-03-07,7.85
R051,2025-02-22,10.19
R088,2025-03-11,7.11
R087,2025-02-22,13.02
R021,2025-01-12,9.44
R020,2025-01-22,9.56
R048,2025-01-23,9.05
R100,2025-02-06,9.85
R089,2025-01-07,10.26
R093,2025-01-23,11.01
R062,2025-01-18,12.09
R007,2025-01-21,9.59
R042,2025-03-03,10.81
R056,2025-01-03,10.41
R014,2025-01-18,8.68
R063,2025-01-30,10.36
R059,2025-01-16,8.45
R073,2025-01-24,10.14
R036,2025-01-15,8.17
R073,2025-01-19,9.12
R004,2025-01-26,5.78
R049,2025-01-03,6.7
R052,2025-02-18,11.05
R028,2025-02-09,11.44
R045,2025-02-10,8.91
R070,2025-01-24,7.51
R022,2025-03-10,9.4
R033,2025-03-01,7.18
R051,2025-02-27,7.58
R072,2025-02-25,10.61
R082,2025-03-01,7.58
R040,2025-02-16,11.56
R075,2025-01-14,10.98
R020,2025-02-15,9.25
R013,2025-01-02,11.66
R072,2025-03-01,7.23
R081,2025-01-07,6.93
R074,2025-01-07,9.24
R043,2025-01-12,6.4
R005,2025-02-23,9.27
R009,2025-01-04,5.38
R053,2025-02-26,7.34
R006,2025-02-08,11.25
R089,2025-01-01,7.3
R044,2025-02-04,8.51
R081,2025-02-15,8.76
R070,2025-02-13,10.08
R095,2025-01-05,13.03
R059,2025-03-04,13.66
R030,2025-03-07,5.02
R081,2025-03-09,10.87
R042,2025-01-27,7.09
R055,2025-01-04,10.92
R006,2025-01-04,12.81
R014,2025-03-09,8.14
R079,2025-02-02,8.32
R035,2025-02-13,8.85
R059,2025-01-18,13.14
R047,2025-03-02,10.69
R006,2025-03-10,10.87
R018,2025-02-09,9.24
R090,2025-02-23,9.97
R090,2025-02-07,11.26
R064,2025-01-01,11.23
R054,2025-02-17,7.18
R015,2025-03-05,10.68
R097,2025-01-02,8.78
R022,2025-02-04,5.98
R047,2025-02-03,10.24
R060,2025-01-06,5.77
R047,2025-02-01,8.63
R073,2025-01-20,9.2
R037,2025-01-21,13.16
R051,2025-02-14,8.21
R039,2025-02-09,9.67
R027,2025-03-11,7.2
R016,2025-01-18,6.34
R009,2025-01-23,9.48
R084,2025-01-03,6.45
R090,2025-03-11,7.46
R046,2025-02-13,8.36
R013,2025-02-27,11.57
R010,2025-02-25,7.35
R090,2025-03-04,8.57
R039,2025-01-02,10.83
R034,2025-02-17,8.74
R017,2025-03-04,8.27
R030,2025-02-22,7.62
R004,2025-01-29,10.75
R069,2025-02-26,9.08
R097,2025-02-28,9.8
R011,2025-01-10,10.9
R020,2025-02-11,9.85
R063,2025-02-27,10.84
R070,2025-01-11,12.67
R078,2025-02-09,9.88
R055,2025-02-07,6.17
R078,2025-03-04,9.18
R073,2025-03-02,6.75
R026,2025-03-10,8.44
R091,2025-01-16,9.77
R042,2025-01-16,7.91
R004,2025-01-17,7.09
R051,2025-02-21,9.86
R004,2025-02-05,10.0
R022,2025-01-30,4.72
R031,2025-01-03,8.39
R016,2025-01-22,8.76
R098,2025-03-02,7.74
R021,2025-01-25,9.94
R027,2025-03-08,9.06
R076,2025-01-03,9.17
R048,2025-02-01,11.12
R059,2025-01-24,11.87
R051,2025-01-23,8.05
R080,2025-02-08,7.0
R026,2025-01-23,11.12
R070,2025-01-15,9.96
R035,2025-01-26,6.93
R095,2025-01-28,11.3
R088,2025-01-12,7.11
R052,2025-01-11,11.37
R054,2025-02-26,8.1
R091,2025-01-24,11.13
R069,2025-02-08,5.38
R064,2025-01-28,10.95
R012,2025-01-08,6.78
R074,2025-02-05,12.84
R012,2025-01-11,5.55
R062,2025-01-17,7.51
R077,2025-01-24,10.09
R097,2025-01-30,9.8
R036,2025-02-23,8.05
R036,2025-03-06,12.91
R049,2025-01-13,10.13
R063,2025-01-31,11.47
R060,2025-01-09,4.76
R025,2025-02-28,8.56
R045,2025-02-07,10.21
R041,2025-02-21,6.48
R004,2025-02-21,7.58
R016,2025-02-04,7.54
R093,2025-02-26,11.61
R015,2025-02-15,8.34
R009,2025-02-01,10.71
R067,2025-02-09,9.32
R009,2025-02-04,10.22
R054,2025-02-22,8.83
R085,2025-01-12,10.7
R045,2025-02-19,7.45
R005,2025-02-22,9.21
R069,2025-01-25,8.29
R019,2025-01-01,9.23
R012,2025-03-03,2.96
R080,2025-01-29,9.54
R083,2025-02-24,7.59
R039,2025-02-25,8.94
R048,2025-03-09,11.98
R039,2025-02-28,10.6
R061,2025-02-09,8.56
R086,2025-02-23,9.45
R039,2025-01-04,8.56
R059,2025-01-28,10.48
R049,2025-03-04,10.98
R095,2025-03-08,10.13
R002,2025-02-16,11.06
R074,2025-03-02,13.88
R086,2025-02-11,10.12
R087,2025-01-14,12.94
R082,2025-02-15,9.4
R026,2025-01-31,11.8
R050,2025-03-06,7.95
R038,2025-01-22,6.67
R095,2025-01-20,10.24
R038,2025-01-27,9.26
R092,2025-01-28,12.38
R041,2025-01-24,8.85
R077,2025-01-12,10.69
R009,2025-02-06,8.66
R004,2025-02-02,9.75
R035,2025-02-26,11.6
R096,2025-02-27,7.37
R008,2025-02-23,8.88
R074,2025-03-04,8.45
R073,2025-02-28,10.26
R088,2025-01-10,8.62
R081,2025-02-08,8.44
R050,2025-02-24,7.17
R042,2025-01-06,7.02
R024,2025-02-03,8.54
R056,2025-02-04,12.74
R089,2025-03-10,7.32
R047,2025-01-14,6.42
R013,2025-03-02,12.16
R002,2025-01-08,9.65
R094,2025-01-29,9.87
R010,2025-01-12,6.73
R016,2025-01-05,6.44
R041,2025-01-22,9.23
R061,2025-03-07,11.95
R026,2025-02-08,9.36
R082,2025-01-15,7.92
R095,2025-01-15,10.79
R013,2025-01-03,13.86
R040,2025-01-24,12.16
R002,2025-02-19,9.84
R069,2025-02-07,9.37
R023,2025-02-06,6.11
R062,2025-02-17,10.4
R034,2025-01-10,6.2
R038,2025-03-04,7.38
R078,2025-01-13,9.36
R062,2025-01-27,11.32
R002,2025-01-23,12.14
R049,2025-02-20,8.6
R086,2025-03-10,11.19
R022,2025-01-04,9.68
R014,2025-02-27,7.83
R056,2025-01-12,11.5
R074,2025-01-16,9.33
R059,2025-02-06,9.32
R051,2025-01-16,10.38
R080,2025-02-20,8.41
R029,2025-03-08,4.0
R091,2025-02-26,11.63
R034,2025-02-10,8.36
R100,2025-02-21,7.87
R086,2025-01-05,7.05
R037,2025-02-04,9.55
R036,2025-02-05,8.14
R009,2025-01-27,10.79
R059,2025-01-23,11.96
R005,2025-03-09,6.46
R001,2025-02-20,6.95
R075,2025-01-21,9.47
R040,2025-01-08,11.86
R021,2025-02-06,10.36
R031,2025-01-22,8.73
R073,2025-03-10,8.68
R083,2025-02-09,9.99
R047,2025-01-01,8.1
R061,2025-01-29,6.46
R006,2025-03-07,10.46
R037,2025-03-01,10.55
R039,2025-02-18,7.21
R082,2025-02-07,6.93
R040,2025-01-01,10.58
R065,2025-01-16,11.2
R041,2025-03-06,11.04
R069,2025-01-20,8.49
R054,2025-01-26,8.12
R067,2025-01-31,9.3
R050,2025-03-09,7.31
R078,2025-01-18,11.56
R029,2025-02-23,9.23
R042,2025-01-22,6.21
R039,2025-01-12,8.42
R012,2025-02-07,6.87
R023,2025-02-04,4.83
R080,2025-01-11,5.61
R023,2025-02-12,8.58
R062,2025-03-09,10.32
R043,2025-03-02,8.74
R001,2025-02-03,6.93
R071,2025-01-24,5.96
R042,2025-01-20,7.82
R006,2025-02-25,8.4
R062,2025-02-19,11.77
R055,2025-01-19,9.75
R068,2025-02-24,8.57
R056,2025-02-23,11.62
R097,2025-02-06,13.2
R100,2025-02-26,7.97
R054,2025-01-25,11.77
R015,2025-03-01,10.16
R091,2025-02-04,11.57
R085,2025-01-06,11.43
R018,2025-02-23,6.68
R003,2025-02-19,9.03
R092,2025-02-20,12.28
R070,2025-01-20,8.47
R093,2025-02-27,10.0
R015,2025-01-24,11.76
R059,2025-03-08,12.36
R053,2025-02-12,9.48
R054,2025-01-31,9.51
R024,2025-02-02,12.04
R090,2025-03-01,8.62
R003,2025-02-17,7.47
R071,2025-02-18,5.99
R034,2025-02-11,11.21
R040,2025-01-30,12.53
R054,2025-01-29,9.6
R075,2025-02-09,9.81
R059,2025-02-27,12.14
R046,2025-02-25,7.31
R072,2025-03-10,7.3
R061,2025-03-02,8.67
R096,2025-01-28,8.26
R022,2025-02-01,6.54
R033,2025-01-07,9.1
R099,2025-01-23,9.54
R031,2025-01-24,8.67
R033,2025-02-10,10.72
R095,2025-02-26,10.52
R075,2025-02-23,11.57
R044,2025-01-28,6.46
R078,2025-01-31,9.6
R022,2025-01-10,7.42
R061,2025-02-19,9.88
R094,2025-03-06,8.93
R031,2025-02-20,8.31
R038,2025-02-16,6.64
R007,2025-02-13,9.92
R033,2025-01-15,7.44
R021,2025-02-02,8.96
R041,2025-03-01,10.49
R056,2025-01-28,9.47
R029,2025-02-11,5.11
R066,2025-01-05,6.77
R023,2025-02-18,6.85
R062,2025-01-29,10.67
R100,2025-01-16,9.68
R043,2025-02-07,6.9
R017,2025-01-20,10.88
R081,2025-03-08,9.41
R084,2025-01-15,3.59
R064,2025-02-27,10.01
R035,2025-02-03,9.65
R087,2025-02-25,10.02
R038,2025-03-11,7.91
R055,2025-02-15,10.27
R063,2025-01-02,10.21
R074,2025-02-22,11.53
R050,2025-02-11,11.5
R100,2025-01-23,11.3
R080,2025-01-17,5.09
R087,2025-02-07,11.46
R017,2025-02-16,8.71
R026,2025-02-27,9.9
R037,2025-02-23,9.08
R056,2025-03-01,11.82
R016,2025-02-14,6.94
R013,2025-01-14,10.81
R089,2025-01-05,7.6
R060,2025-01-03,7.68
R072,2025-02-10,6.89
R002,2025-02-18,11.18
R091,2025-02-27,11.72
R094,2025-02-09,11.51
R035,2025-02-14,9.25
R002,2025-01-15,11.06
R088,2025-01-19,10.26
R003,2025-03-10,7.79
R068,2025-03-11,12.62
R098,2025-02-25,10.29
R003,2025-03-04,6.97
R088,2025-02-26,7.58
R035,2025-02-16,7.22
R017,2025-02-02,8.95
R015,2025-02-27,11.53
R038,2025-01-28,8.15
R073,2025-02-13,8.38
R099,2025-03-07,11.37
R022,2025-02-19,6.29
R061,2025-01-14,9.27
R065,2025-03-02,8.75
R043,2025-01-28,9.25
R012,2025-03-10,5.46
R049,2025-01-19,8.42
R008,2025-03-05,6.15
R061,2025-02-07,9.4
R030,2025-01-06,8.16
R092,2025-03-04,12.19
R044,2025-02-16,6.44
R069,2025-01-19,5.48
R083,2025-02-05,7.59
R014,2025-03-01,6.73
R051,2025-02-18,8.61
R093,2025-01-12,11.18
R063,2025-02-19,8.91
R026,2025-03-02,11.22
R077,2025-02-25,8.13
R034,2025-01-18,11.06
R079,2025-02-17,8.87
R089,2025-02-22,6.0
R083,2025-03-01,7.02
R045,2025-01-26,10.2
R016,2025-02-26,6.35
R034,2025-01-14,11.83
R077,2025-02-27,11.94
R014,2025-01-30,8.32
R078,2025-02-25,10.96
R065,2025-01-04,12.81
R076,2025-02-03,11.11
R037,2025-02-14,7.31
R025,2025-03-09,8.18
R091,2025-01-12,10.87
R036,2025-02-01,9.99
R006,2025-01-08,9.78
R088,2025-03-10,8.16
R086,2025-03-08,11.04
R032,2025-03-03,6.48
R060,2025-02-15,6.29
R035,2025-01-19,7.32
R049,2025-01-02,7.52
R095,2025-01-11,10.5
R082,2025-01-18,7.59
R055,2025-02-02,10.38
R041,2025-01-26,8.46
R042,2025-01-26,6.02
R028,2025-02-16,11.52
R042,2025-01-05,10.4
R082,2025-03-02,9.99
R092,2025-03-02,12.03
R017,2025-01-29,9.15
R051,2025-01-22,6.16
R007,2025-01-09,10.04
R071,2025-02-11,7.64
R052,2025-02-09,9.65
R081,2025-03-03,10.42
R041,2025-01-19,11.16
R066,2025-03-07,8.29
R023,2025-02-03,9.69
R045,2025-01-15,9.92
R094,2025-03-08,9.04
R042,2025-02-10,8.38
R001,2025-01-26,9.77
R025,2025-02-16,5.63
R037,2025-01-30,12.28
R021,2025-03-05,10.84
R002,2025-01-11,10.82
R072,2025-01-23,7.67
R046,2025-02-10,9.36
R072,2025-02-07,9.17
R061,2025-01-28,9.32
R069,2025-02-23,5.93
R004,2025-01-01,9.34
R078,2025-03-06,9.18
R006,2025-02-05,10.57
R082,2025-02-17,8.24
R023,2025-01-25,9.7
R083,2025-02-18,8.59
R086,2025-02-21,10.24
R067,2025-01-21,10.99
R011,2025-01-28,12.17
R008,2025-02-05,6.08
R088,2025-01-13,6.7
R042,2025-01-14,9.95
R033,2025-01-14,8.86
R094,2025-02-16,7.6
R069,2025-02-05,6.18
R056,2025-02-18,10.63
R080,2025-03-01,9.44
R084,2025-02-01,6.6
R023,2025-03-09,8.98
R072,2025-01-29,8.81
R012,2025-02-05,6.79
R033,2025-01-10,8.86
R014,2025-01-11,7.16
R067,2025-02-27,7.86
R047,2025-02-10,9.01
R074,2025-01-10,13.19
R009,2025-01-31,8.49
R099,2025-01-08,7.65
R096,2025-02-02,8.37
R038,2025-02-26,10.04
R067,2025-01-27,9.62
R093,2025-02-21,11.65
R091,2025-01-20,10.66
R095,2025-03-05,11.68
R015,2025-02-07,11.11
R073,2025-03-09,5.72
R074,2025-02-21,11.9
R069,2025-01-12,9.44
R009,2025-03-03,11.05
R092,2025-01-18,12.91
R039,2025-01-08,7.83
R084,2025-03-08,8.54
R067,2025-01-15,9.88
R064,2025-03-07,9.7
R050,2025-03-10,8.71
R055,2025-03-11,11.53
R051,2025-01-08,10.14
R033,2025-01-24,9.98
R087,2025-01-17,8.61
R034,2025-03-06,6.97
R069,2025-01-05,8.3
R069,2025-01-03,7.51
R043,2025-01-07,10.41
R010,2025-02-02,7.93
R064,2025-03-08,9.84
R044,2025-01-20,8.25
R035,2025-03-07,8.72
R006,2025-01-20,11.45
R012,2025-03-11,7.8
R036,2025-01-30,9.04
R012,2025-02-12,6.94
R034,2025-03-05,7.21
R075,2025-02-20,8.11
R100,2025-01-05,12.11
R022,2025-01-09,7.1
R004,2025-01-10,5.14
R087,2025-01-10,11.74
R084,2025-01-04,6.75
R071,2025-03-02,8.63
R058,2025-01-01,11.68
R097,2025-02-07,8.11
R074,2025-02-13,10.05
R068,2025-02-22,9.62
R008,2025-02-08,9.61
R012,2025-03-07,4.85
R065,2025-02-07,9.98
R010,2025-02-22,10.8
R092,2025-01-05,11.21
R039,2025-01-16,11.2
R066,2025-01-16,6.26
R012,2025-03-04,7.53
R089,2025-01-30,8.1
R064,2025-02-17,9.69
R074,2025-02-23,11.6
R082,2025-02-09,9.52
R100,2025-02-10,12.47
R034,2025-03-03,9.61
R003,2025-01-09,11.29
R083,2025-01-06,6.48
R035,2025-01-20,7.81
R012,2025-01-28,6.39
R045,2025-02-23,8.83
R063,2025-03-01,6.27
R093,2025-03-03,10.92
R043,2025-02-13,5.54
R068,2025-01-01,9.66
R027,2025-03-03,9.88
R021,2025-01-23,12.56
R100,2025-01-22,9.55
R018,2025-01-06,11.47
R056,2025-01-24,10.65
R041,2025-02-20,8.37
R079,2025-01-29,7.29
R097,2025-02-17,8.5
R096,2025-02-06,9.19
R020,2025-03-07,7.36
R020,2025-02-24,7.45
R034,2025-01-07,7.96
R003,2025-02-20,4.9
R030,2025-01-20,9.52
R098,2025-01-13,7.92
R032,2025-02-20,9.94
R030,2025-03-11,6.45
R100,2025-02-18,11.44
R086,2025-01-30,12.05
R071,2025-02-07,6.47
R044,2025-02-03,8.32
R006,2025-02-13,8.15
R090,2025-02-10,11.07
R031,2025-03-10,6.56
R038,2025-01-23,3.96
R029,2025-03-04,9.13
R013,2025-01-17,11.31
R085,2025-01-05,12.06
R039,2025-02-21,9.67
R012,2025-01-22,4.67
R030,2025-01-26,6.17
R056,2025-02-14,12.87
R040,2025-03-03,14.96
R093,2025-01-31,13.67
R034,2025-02-15,8.32
R019,2025-01-25,8.87
R069,2025-01-08,8.78
R019,2025-02-13,11.26
R059,2025-01-02,12.79
R058,2025-01-19,11.82
R091,2025-02-15,13.15
R057,2025-01-11,5.79
R057,2025-02-15,8.94
R023,2025-01-16,9.03
R036,2025-01-12,9.27
R045,2025-02-20,9.35
R009,2025-01-15,8.83
R003,2025-01-27,8.42
R035,2025-01-22,4.35
R020,2025-03-04,9.89
R037,2025-01-06,11.58
R092,2025-01-24,9.3
R003,2025-01-03,10.98
R048,2025-01-04,9.21
R099,2025-01-25,8.76
R061,2025-01-15,8.52
R075,2025-01-11,9.56
R073,2025-02-19,7.28
R066,2025-01-26,5.64
R096,2025-01-07,10.03
R027,2025-01-08,8.99
R078,2025-01-20,11.27
R061,2025-01-16,10.41
R017,2025-02-05,10.7
R069,2025-01-11,9.86
R005,2025-01-04,8.42
R090,2025-01-06,7.87
R083,2025-01-31,6.01
R084,2025-02-21,6.68
R033,2025-02-07,12.39
R004,2025-02-14,7.25
R067,2025-01-23,5.52
R066,2025-01-03,8.4
R042,2025-02-03,7.79
R099,2025-01-11,8.7
R063,2025-01-18,6.4
R040,2025-03-08,13.81
R039,2025-01-21,8.52
R051,2025-01-05,6.84
R008,2025-01-10,4.95
R099,2025-02-01,11.05
R030,2025-02-01,9.02
R009,2025-03-02,9.34
R014,2025-02-12,11.1
R089,2025-03-03,5.99
R091,2025-02-25,11.33
R016,2025-01-15,10.75
R082,2025-03-06,5.95
R062,2025-03-04,9.01
R020,2025-03-10,7.88
R088,2025-01-31,6.68
R004,2025-01-03,6.65
R087,2025-01-19,12.06
R080,2025-01-19,9.39
R090,2025-01-18,9.9
R022,2025-03-04,7.17
R093,2025-02-20,9.65
R044,2025-01-01,7.61
R030,2025-02-21,8.28
R090,2025-03-02,7.05
R098,2025-01-21,8.36
R040,2025-01-20,11.39
R085,2025-01-15,7.55
R015,2025-01-11,10.51
R032,2025-01-13,5.44
R074,2025-02-06,10.85
R096,2025-01-13,9.46
R016,2025-01-20,8.34
R025,2025-01-14,7.38
R064,2025-01-13,8.79
R093,2025-03-11,14.49
R061,2025-02-21,11.75
R074,2025-02-24,12.43
R025,2025-02-05,6.91
R097,2025-02-09,9.23
R012,2025-03-05,5.02
R092,2025-01-10,14.57
R002,2025-02-25,9.22
R063,2025-01-01,9.73
R079,2025-01-13,8.65
R025,2025-01-18,5.87
R004,2025-02-27,7.73
R027,2025-01-05,8.41
R057,2025-01-31,8.55
R022,2025-01-02,8.78
R014,2025-02-18,9.9
R067,2025-02-10,6.12
R056,2025-01-05,12.09
R077,2025-01-03,9.96
R069,2025-02-12,7.54
R080,2025-01-25,10.44
R040,2025-03-10,13.62
R024,2025-01-17,7.71
R020,2025-01-29,8.04
R079,2025-01-28,7.31
R015,2025-02-04,14.02
R002,2025-03-01,9.95
R093,2025-01-09,11.03
R065,2025-02-02,8.97
R088,2025-02-06,11.97
R083,2025-01-12,10.29
R063,2025-01-24,8.33
R097,2025-02-18,8.97
R010,2025-01-11,7.47
R023,2025-03-06,9.79
R034,2025-01-16,9.26
R080,2025-03-02,7.96
R049,2025-01-31,10.55
R004,2025-01-08,7.92
R094,2025-01-11,7.22
R060,2025-02-12,9.16
R098,2025-01-04,5.62
R089,2025-01-29,7.68
R065,2025-03-10,11.12
R029,2025-01-11,6.75
R038,2025-01-26,9.42
R013,2025-03-05,13.02
R024,2025-01-03,9.51
R046,2025-01-22,7.8
R074,2025-02-16,10.75
R033,2025-01-03,9.33
R006,2025-02-26,11.95
R036,2025-01-09,10.75
R037,2025-01-18,8.79
R067,2025-02-25,8.09
R023,2025-02-09,6.37
R038,2025-01-06,4.86
R033,2025-01-04,9.52
R078,2025-01-02,11.02
R045,2025-01-17,8.26
R011,2025-01-01,9.84
R041,2025-01-08,6.9
R095,2025-01-30,11.14
R029,2025-02-15,5.89
R056,2025-01-01,8.91
R041,2025-01-25,7.47
R057,2025-01-19,8.61
R074,2025-01-01,12.52
R002,2025-02-14,10.09
R097,2025-02-24,10.52
R024,2025-03-08,12.43
R063,2025-02-01,9.26
R023,2025-02-01,7.43
R073,2025-02-02,7.33
R090,2025-02-11,7.68
R009,2025-03-08,7.4
R049,2025-02-02,6.95
R068,2025-02-14,11.45
R023,2025-02-14,9.33
R074,2025-01-24,9.65
R066,2025-01-23,11.75
R063,2025-02-26,8.65
R055,2025-01-13,10.43
R078,2025-01-24,7.31
R039,2025-01-27,7.15
R003,2025-01-28,7.11
R086,2025-01-14,11.34
R010,2025-02-10,12.26
R063,2025-02-13,7.69
R090,2025-02-12,10.53
R056,2025-02-28,9.76
R034,2025-01-21,12.58
R080,2025-02-03,9.3
R026,2025-01-05,7.86
R093,2025-03-04,11.76
R054,2025-02-20,9.56
R061,2025-02-08,9.05
R010,2025-03-01,5.23
R030,2025-01-30,8.37
R050,2025-01-28,12.38
R028,2025-01-23,8.9
R010,2025-03-08,6.12
R001,2025-01-25,11.04
R074,2025-01-23,11.32
R029,2025-01-30,4.11
R040,2025-02-25,9.4
R047,2025-02-28,6.31
R092,2025-01-27,9.1
R068,2025-02-12,9.16
R033,2025-01-08,9.39
R020,2025-02-19,8.32
R051,2025-01-09,9.06
R001,2025-01-22,6.0
R076,2025-01-23,11.17
R047,2025-03-10,8.48
R082,2025-01-31,6.78
R064,2025-02-09,8.73
R055,2025-01-11,6.91
R011,2025-02-06,11.31
R015,2025-02-09,11.1
R037,2025-02-27,10.38
R033,2025-02-01,11.05
R092,2025-02-10,9.84
R098,2025-03-08,7.62
R033,2025-02-04,7.37
R028,2025-03-11,7.94
R084,2025-03-10,6.66
R048,2025-01-03,7.54
R068,2025-03-02,12.75
R062,2025-03-08,10.06
R086,2025-01-13,8.08
R049,2025-01-29,5.7
R035,2025-03-03,8.01
R032,2025-01-17,8.5
R084,2025-02-06,9.15
R071,2025-03-06,5.66
R094,2025-01-31,10.26
R064,2025-01-22,11.28
R051,2025-01-26,7.36
R092,2025-01-31,9.6
R006,2025-02-07,7.85
R064,2025-01-08,9.31
R017,2025-01-01,10.02
R084,2025-01-16,10.67
R008,2025-03-08,5.36
R018,2025-01-17,7.73
R009,2025-01-20,7.16
R072,2025-01-28,9.91
R047,2025-01-29,11.58
R088,2025-02-02,6.21
R076,2025-02-02,9.21
R041,2025-01-23,8.85
R008,2025-02-10,5.17
R040,2025-01-29,10.38
R012,2025-02-25,8.1
R089,2025-02-16,11.29
R004,2025-01-20,10.58
R026,2025-02-17,9.91
R052,2025-03-01,10.35
R087,2025-03-05,13.22
R024,2025-03-09,13.32
R070,2025-03-08,13.74
R096,2025-01-01,7.05
R100,2025-02-09,12.99
R050,2025-03-02,6.78
R052,2025-01-28,5.65
R003,2025-02-03,10.73
R007,2025-02-28,11.08
R080,2025-01-16,8.36
R086,2025-01-11,12.8
R005,2025-01-25,6.27
R047,2025-03-04,6.99
R067,2025-01-05,7.23
R095,2025-01-23,11.6
R024,2025-02-28,10.94
R043,2025-02-15,8.0
R016,2025-01-29,7.43
R031,2025-01-25,9.75
R003,2025-03-05,10.86
R037,2025-01-19,10.27
R059,2025-02-13,10.65
R002,2025-02-02,11.53
R001,2025-02-16,11.49
R064,2025-02-08,10.8
R092,2025-02-19,12.04
R023,2025-03-05,10.39
R053,2025-03-01,8.65
R064,2025-02-16,12.0
R029,2025-01-05,7.04
R096,2025-01-22,9.26
R047,2025-01-17,9.27
R027,2025-01-12,7.25
R038,2025-01-09,9.14
R026,2025-02-16,8.59
R100,2025-01-17,10.08
R058,2025-01-04,8.38
R088,2025-01-17,7.33
R035,2025-01-10,11.67
R060,2025-02-18,7.91
R001,2025-01-13,9.49
R052,2025-01-15,11.1
R077,2025-02-28,9.8
R024,2025-03-03,10.64
R017,2025-01-25,9.9
R084,2025-02-08,9.24
R076,2025-01-05,7.68
R054,2025-02-07,7.62
R089,2025-03-05,10.99
R061,2025-01-09,7.7
R080,2025-01-15,8.75
R070,2025-01-13,10.76
R075,2025-01-01,11.08
R086,2025-01-04,9.81
R026,2025-02-20,11.57
R096,2025-01-31,7.39
R081,2025-03-11,11.93
R007,2025-01-06,10.24
R079,2025-03-04,6.34
R047,2025-02-18,8.4
R072,2025-01-30,5.0
R070,2025-01-03,8.58
R074,2025-02-11,9.71
R095,2025-02-02,9.63
R013,2025-02-21,9.73
R053,2025-02-19,9.69
R055,2025-02-03,9.05
R017,2025-01-15,8.34
R083,2025-02-19,7.74
R084,2025-02-20,6.61
R088,2025-03-03,7.21
R001,2025-03-01,12.14
R055,2025-02-18,9.23
R076,2025-01-29,8.35
R092,2025-02-01,9.38
R040,2025-01-06,11.83
R086,2025-02-17,10.06
R061,2025-03-05,12.73
R009,2025-03-09,7.66
R040,2025-01-23,13.71
R083,2025-01-15,6.32
R076,2025-02-24,8.92
R082,2025-02-19,11.47
R025,2025-01-06,6.32
R077,2025-03-01,9.97
R060,2025-01-27,5.14
R069,2025-03-11,4.98
R066,2025-03-05,8.71
R064,2025-01-15,9.24
R080,2025-03-11,10.71
R010,2025-02-08,10.52
R096,2025-02-20,6.02
R092,2025-01-29,10.37
R068,2025-03-09,7.44
R088,2025-02-24,7.67
R079,2025-02-15,7.63
R084,2025-02-09,8.3
R065,2025-02-22,14.21
R085,2025-02-14,11.12
R053,2025-03-08,8.77
R031,2025-02-03,7.75
R076,2025-03-09,11.28
R039,2025-01-18,12.05
R071,2025-01-25,8.45
R083,2025-02-02,5.55
R094,2025-01-23,11.59
R073,2025-03-03,6.51
R059,2025-01-15,10.63
R041,2025-02-15,7.25
R003,2025-01-25,10.16
R049,2025-01-22,9.6
R071,2025-01-02,7.9
R036,2025-01-22,8.29
R076,2025-02-10,9.47
R027,2025-01-29,8.53
R018,2025-02-17,9.53
R025,2025-02-26,5.05
R002,2025-01-31,10.86
R065,2025-02-20,12.15
R093,2025-01-27,11.49
R068,2025-01-22,9.4
R068,2025-01-08,9.35
R044,2025-01-24,9.08
R001,2025-03-04,9.9
R063,2025-01-23,10.42
R045,2025-01-19,6.05
R015,2025-01-17,8.87
R061,2025-03-06,6.79
R098,2025-02-15,9.2
R073,2025-02-01,6.98
R030,2025-02-27,5.77
R049,2025-01-17,10.62
R021,2025-02-10,8.27
R003,2025-02-08,11.97
R040,2025-02-09,9.6
R003,2025-01-11,8.78
R034,2025-01-22,9.7
R054,2025-02-02,10.06
R005,2025-01-18,6.35
R027,2025-02-10,11.42
R054,2025-03-09,7.44
R021,2025-01-27,7.41
R067,2025-01-24,7.68
R013,2025-03-03,13.66
R100,2025-03-01,8.39
R056,2025-01-21,10.39
R055,2025-03-08,7.87
R036,2025-01-08,9.49
R065,2025-03-05,11.26
R036,2025-03-09,10.83
R061,2025-01-13,8.47
R010,2025-02-24,8.2
R090,2025-02-18,7.52
R087,2025-01-06,10.41
R071,2025-02-19,6.96
R048,2025-01-15,11.97
R017,2025-03-09,11.09
R080,2025-01-20,7.96
R015,2025-01-20,12.64
R073,2025-01-18,7.34
R033,2025-01-05,10.88
R054,2025-01-04,9.62
R026,2025-01-21,12.41
R040,2025-01-02,12.0
R048,2025-01-10,6.39
R019,2025-01-16,11.2
R068,2025-02-26,9.66
R014,2025-01-25,7.77
R057,2025-03-11,11.16
R004,2025-01-06,8.77
R063,2025-01-19,8.57
R071,2025-02-26,4.59
R023,2025-02-10,9.84
R069,2025-02-02,7.31
R002,2025-02-05,12.1
R093,2025-02-15,12.21
R046,2025-02-12,9.57
R014,2025-01-12,11.26
R035,2025-02-05,10.21
R075,2025-01-06,11.53
R093,2025-02-28,11.08
R049,2025-01-26,9.31
R047,2025-01-22,9.46
R097,2025-01-03,6.11
R016,2025-01-30,4.61
R027,2025-01-01,10.95
R036,2025-02-06,12.59
R079,2025-02-05,8.13
R046,2025-03-02,10.11
R025,2025-02-19,8.67
R089,2025-02-01,7.92
R063,2025-01-28,10.13
R096,2025-03-05,5.92
R062,2025-01-13,7.83
R091,2025-01-27,10.3
R028,2025-03-07,8.31
R031,2025-01-29,6.03
R056,2025-03-07,11.52
R076,2025-01-26,10.52
R042,2025-02-07,6.13
R051,2025-01-18,7.65
R054,2025-03-01,8.48
R082,2025-02-16,8.58
R008,2025-01-08,7.0
R032,2025-03-09,9.21
R048,2025-01-19,9.87
R020,2025-01-24,9.32
R017,2025-03-10,8.71
R011,2025-02-25,10.84
R095,2025-02-16,8.74
R079,2025-03-08,10.41
R010,2025-02-09,6.26
R010,2025-03-10,6.34
R045,2025-01-21,9.12
R059,2025-01-17,11.84
R037,2025-01-20,11.23
R090,2025-01-20,9.59
R062,2025-01-05,9.99
R020,2025-03-09,4.32
R044,2025-03-09,7.37
R018,2025-03-03,7.63
R046,2025-01-02,6.43
R100,2025-03-04,8.6
R067,2025-01-08,6.56
R074,2025-01-14,13.22
R050,2025-01-07,9.4
R064,2025-02-04,13.31
R039,2025-02-17,8.84
R038,2025-03-01,10.28
R006,2025-02-06,10.91
R010,2025-03-05,7.41
R018,2025-01-30,7.29
R057,2025-02-14,7.8
R039,2025-02-20,10.2
R023,2025-01-09,8.46
R046,2025-01-27,7.74
R034,2025-02-28,10.41
R086,2025-03-07,11.02
R015,2025-02-18,11.53
R060,2025-02-26,8.56
R001,2025-03-07,10.64
R087,2025-02-03,10.8
R005,2025-01-01,9.58
R041,2025-02-07,12.17
R042,2025-02-28,7.37
R086,2025-02-13,8.35
R098,2025-02-21,8.75
R042,2025-01-04,5.39
R092,2025-02-08,10.29
R008,2025-01-21,5.85
R016,2025-01-19,4.85
R080,2025-02-05,7.64
R080,2025-02-06,9.83
R092,2025-03-03,8.75
R056,2025-01-15,9.84
R090,2025-02-17,8.38
R073,2025-01-05,9.92
R081,2025-01-02,9.39
R007,2025-02-17,9.66
R050,2025-03-04,9.57
R012,2025-02-27,8.27
R042,2025-01-17,8.11
R077,2025-01-21,8.69
R072,2025-02-19,8.73
R059,2025-03-03,9.68
R056,2025-01-10,15.11
R026,2025-02-01,8.18
R057,2025-03-06,7.95
R094,2025-01-08,10.83
R067,2025-02-11,11.25
R036,2025-01-19,13.48
R090,2025-02-19,8.05
R040,2025-03-02,13.49
R054,2025-02-15,9.0
R039,2025-01-17,8.73
R096,2025-03-09,9.7
R010,2025-01-03,5.44
R067,2025-01-01,5.88
R064,2025-01-29,8.74
R082,2025-02-27,7.73
R011,2025-01-21,10.54
R028,2025-03-01,11.08
R086,2025-03-03,7.97
R066,2025-02-28,9.25
R050,2025-01-03,9.46
R083,2025-03-08,6.64
R015,2025-02-03,9.79
R070,2025-01-27,10.59
R074,2025-03-07,13.01
R030,2025-01-19,7.51
R086,2025-01-06,9.57
R049,2025-02-01,11.19
R019,2025-02-14,9.55
R100,2025-01-04,8.59
R039,2025-02-14,7.55
R016,2025-01-14,6.37
R061,2025-01-27,11.19
R063,2025-02-08,6.87
R016,2025-02-06,6.25
R009,2025-01-26,11.38
R071,2025-02-05,9.96
R053,2025-01-24,9.37
R097,2025-02-03,11.56
R069,2025-01-21,10.65
R065,2025-02-21,8.87
R097,2025-02-04,11.37
R081,2025-01-22,7.31
R058,2025-02-17,14.0
R060,2025-02-22,4.99
R053,2025-03-05,7.31
R009,2025-01-06,9.41
R050,2025-02-15,9.57
R099,2025-02-28,8.45
R022,2025-01-26,5.91
R012,2025-01-31,8.37
R076,2025-01-12,6.92
R100,2025-02-07,9.93
R067,2025-02-23,8.07
R030,2025-01-16,5.69
R052,2025-01-09,10.21
R089,2025-02-26,7.59
R034,2025-02-13,9.9
R045,2025-02-24,7.64
R044,2025-01-12,7.77
R006,2025-02-15,10.18
R077,2025-01-11,10.14
R066,2025-01-04,9.95
R085,2025-01-29,11.61
R092,2025-03-05,9.28
R066,2025-02-05,6.75
R042,2025-01-13,8.48
R033,2025-01-20,8.11
R051,2025-03-05,11.27
R021,2025-01-29,9.19
R050,2025-02-28,9.77
R024,2025-02-27,8.99
R021,2025-01-13,7.5
R005,2025-03-02,7.69
R061,2025-01-12,9.1
R097,2025-01-09,13.07
R019,2025-01-30,9.14
R038,2025-01-12,4.39
R008,2025-02-13,8.96
R050,2025-01-01,9.31
R013,2025-03-11,12.69
R090,2025-01-09,8.57
R090,2025-01-13,11.85
R027,2025-02-17,7.47
R029,2025-01-24,8.92
R036,2025-01-26,14.01
R040,2025-02-04,9.75
R043,2025-01-11,9.49
R001,2025-01-06,7.09
R025,2025-03-08,7.73
R014,2025-02-08,5.48
R013,2025-01-20,12.34
R025,2025-02-15,6.09
R072,2025-01-25,10.09
R091,2025-02-09,8.84
R061,2025-02-18,6.62
R022,2025-01-17,7.27
R036,2025-02-16,6.74
R043,2025-01-24,5.35
R021,2025-01-11,10.83
R010,2025-02-13,6.88
R044,2025-02-11,7.61
R017,2025-02-21,10.07
R070,2025-03-10,11.51
R049,2025-01-20,11.99
R019,2025-02-26,12.05
R039,2025-02-12,9.15
R056,2025-01-19,12.94
R046,2025-02-21,8.48
R087,2025-02-19,10.25
R007,2025-02-22,6.85
R033,2025-02-21,13.4
R022,2025-01-14,9.83
R071,2025-01-07,6.91
R079,2025-02-11,5.59
R037,2025-01-13,7.71
R081,2025-01-15,10.96
R093,2025-01-03,13.67
R053,2025-02-09,12.27
R015,2025-01-08,11.57
R084,2025-01-25,4.59
R063,2025-01-14,9.22
R075,2025-02-18,9.05
R029,2025-01-03,4.9
R085,2025-02-28,12.87
R038,2025-02-22,9.48
R034,2025-01-26,11.16
R048,2025-02-08,8.38
R007,2025-03-09,12.02
R045,2025-01-18,7.06
R045,2025-03-04,8.08
R097,2025-01-23,13.14
R066,2025-02-27,10.47
R034,2025-02-02,8.94
R034,2025-01-08,9.37
R085,2025-02-06,9.39
R074,2025-01-22,12.68
R092,2025-01-02,10.06
R073,2025-02-16,7.51
R071,2025-02-12,7.68
R081,2025-01-06,6.89
R084,2025-01-01,4.46
R071,2025-02-02,7.01
R094,2025-01-25,10.28
R088,2025-01-28,8.85
R027,2025-01-04,11.04
R043,2025-01-20,8.78
R019,2025-01-14,10.64
R032,2025-01-06,8.17
R029,2025-02-05,6.61
R059,2025-01-29,12.65
R067,2025-03-04,10.88
R017,2025-02-19,11.23
R065,2025-01-02,13.08
R006,2025-02-19,11.19
R052,2025-02-02,10.47
R023,2025-01-13,5.67
R074,2025-02-12,11.56
R052,2025-01-06,9.91
R093,2025-03-08,13.83
R084,2025-01-05,7.13
R073,2025-02-10,9.58
R008,2025-03-06,4.75
R048,2025-03-06,10.56
R100,2025-01-24,8.38
R016,2025-01-28,6.9
R072,2025-02-23,4.57
R097,2025-01-20,11.78
R031,2025-02-12,9.45
R072,2025-02-13,9.32
R051,2025-01-14,6.65
R081,2025-01-20,12.26
R011,2025-01-08,7.87
R018,2025-03-07,9.28
R012,2025-01-29,9.51
R021,2025-02-26,12.18
R025,2025-03-03,6.33
R053,2025-01-10,9.85
R028,2025-02-13,9.13
R016,2025-03-08,7.1
R041,2025-02-01,10.7
R002,2025-01-25,11.77
R020,2025-01-01,8.7
R016,2025-01-13,4.81
R071,2025-01-28,8.08
R094,2025-02-20,13.02
R059,2025-01-11,13.44
R080,2025-03-04,7.17
R068,2025-02-06,12.73
R085,2025-01-02,12.0
R045,2025-01-28,9.59
R031,2025-02-17,10.22
R070,2025-02-28,11.38
R036,2025-03-02,12.66
R025,2025-02-04,4.9
R069,2025-02-19,8.91
R069,2025-03-01,9.86
R082,2025-01-27,6.66
R066,2025-01-12,10.78
R011,2025-02-15,9.2
R090,2025-01-19,9.73
R087,2025-01-03,10.82
R089,2025-01-16,6.83
R088,2025-03-05,6.45
R087,2025-01-02,10.8
R012,2025-01-02,6.82
R083,2025-03-11,6.31
R100,2025-01-03,9.02
R067,2025-01-11,10.02
R095,2025-01-02,8.66
R094,2025-01-13,14.2
R029,2025-02-01,9.39
R098,2025-01-29,10.61
R085,2025-01-30,10.31
R045,2025-01-01,8.81
R018,2025-02-20,7.37
R018,2025-03-11,7.18
R092,2025-01-25,12.6
R014,2025-02-17,6.26
R061,2025-03-10,7.84
R083,2025-02-07,8.48
R059,2025-03-09,7.95
R040,2025-03-04,11.12
R095,2025-01-14,12.27
R038,2025-02-18,7.06
R027,2025-03-06,9.24
R067,2025-02-04,8.53
R095,2025-03-06,10.9
R071,2025-01-16,8.29
R024,2025-01-14,6.15
R007,2025-02-19,7.39
R046,2025-01-31,10.67
R095,2025-02-28,11.52
R071,2025-01-30,5.86
R006,2025-01-26,10.8
R083,2025-01-03,8.86
R058,2025-01-25,12.83
R059,2025-01-07,15.11
R029,2025-01-13,6.26
R093,2025-02-03,11.31
R100,2025-02-11,10.18
R089,2025-02-15,8.25
R028,2025-03-04,8.0
R065,2025-02-26,13.29
R004,2025-01-28,10.51
R005,2025-02-03,9.25
R076,2025-03-04,7.31
R082,2025-01-16,9.4
R069,2025-02-14,7.11
R020,2025-01-04,9.58
R028,2025-01-27,7.17
R024,2025-02-11,10.17
R006,2025-02-12,9.25
R073,2025-02-14,4.53
R041,2025-01-09,9.14
R048,2025-02-12,7.13
R049,2025-01-12,6.39
R096,2025-01-26,8.15
R044,2025-01-31,8.79
R060,2025-02-11,8.68
R026,2025-02-03,11.23
R029,2025-01-23,10.15
R001,2025-03-05,7.45
R041,2025-02-16,10.89
R098,2025-01-10,6.5
R010,2025-01-01,7.15
R051,2025-01-21,11.03
R008,2025-03-11,4.31
R023,2025-01-29,8.76
R094,2025-03-04,9.03
R082,2025-01-29,10.23
R058,2025-03-08,14.3
R056,2025-01-06,9.58
R054,2025-02-12,7.37
R014,2025-02-24,10.73
R014,2025-02-06,11.02
R091,2025-02-07,12.23
R079,2025-02-26,10.29
R078,2025-02-24,8.21
R024,2025-01-20,7.25
R016,2025-02-09,7.74
R002,2025-02-28,11.01
R059,2025-02-18,14.0
R035,2025-03-01,6.75
R044,2025-03-03,7.53
R099,2025-01-06,8.68
R054,2025-03-05,9.32
R041,2025-01-17,11.75
R069,2025-02-01,10.45
R023,2025-02-16,7.56
R074,2025-01-08,9.14
R013,2025-02-08,10.43
R098,2025-02-27,9.26
R093,2025-02-04,10.62
R005,2025-02-16,7.79
R071,2025-01-20,9.59
R055,2025-02-16,11.76
R076,2025-02-23,10.26
R023,2025-01-06,8.85
R048,2025-03-05,9.35
R065,2025-02-14,7.8
R039,2025-02-27,9.41
R030,2025-03-01,9.03
R094,2025-01-09,9.99
R007,2025-02-21,10.66
R014,2025-01-29,11.09
R020,2025-02-17,7.71
R035,2025-01-15,10.3
R062,2025-02-26,12.99
R010,2025-01-14,7.59
R022,2025-02-20,7.47
R095,2025-01-16,12.67
R027,2025-02-03,8.45
R044,2025-02-21,6.28
R061,2025-03-09,9.58
R095,2025-02-04,13.56
R078,2025-01-11,8.42
R055,2025-01-25,7.24
R008,2025-02-21,8.44
R073,2025-01-12,8.62
R097,2025-03-06,11.33
R029,2025-03-10,7.22
R017,2025-01-11,12.05
R045,2025-01-11,5.76
R033,2025-01-26,10.94
R062,2025-01-10,9.33
R044,2025-01-22,6.87
R013,2025-02-13,8.86
R049,2025-02-11,9.48
R082,2025-02-21,7.8
R044,2025-01-09,8.02
R088,2025-01-07,6.78
R069,2025-02-10,9.58
R034,2025-02-16,9.81
R097,2025-02-01,13.87
R073,2025-01-13,10.3
R092,2025-01-11,11.38
R079,2025-02-24,7.63
R078,2025-03-09,12.64
R018,2025-01-07,6.23
R068,2025-02-23,8.24
R089,2025-01-24,9.44
R093,2025-02-12,12.81
R039,2025-03-10,5.73
R050,2025-02-22,9.92
R067,2025-01-10,6.29
R014,2025-01-17,9.66
R033,2025-02-12,7.45
R043,2025-02-10,8.29
R091,2025-01-30,10.71
R084,2025-01-24,7.81
R087,2025-01-22,11.15
R098,2025-01-12,8.34
R024,2025-01-07,12.16
R058,2025-01-14,8.44
R085,2025-02-15,12.89
R067,2025-02-05,5.96
R078,2025-02-23,11.17
R067,2025-03-06,5.92
R013,2025-01-07,8.26
R080,2025-01-18,10.47
R008,2025-01-14,8.13
R015,2025-02-20,11.4
R071,2025-03-04,9.47
R023,2025-01-10,7.95
R043,2025-03-08,7.1
R043,2025-01-23,6.54
R098,2025-01-08,7.56
R051,2025-01-11,8.94
R087,2025-01-18,10.68
R018,2025-02-06,8.0
R024,2025-02-10,10.23
R042,2025-01-24,4.47
R074,2025-01-28,9.27
R071,2025-01-17,5.22
R071,2025-01-23,5.28
R075,2025-01-26,8.96
R082,2025-02-10,7.86
R026,2025-01-26,7.92
R026,2025-01-09,7.65
R098,2025-03-05,7.48
R085,2025-02-07,10.39
R021,2025-02-20,12.05
R099,2025-01-02,8.99
R066,2025-02-09,7.64
R007,2025-02-25,9.45
R024,2025-02-20,9.44
R013,2025-02-28,11.24
R027,2025-02-13,9.26
R090,2025-01-11,10.36
R058,2025-03-06,10.06
R004,2025-02-09,8.47
R036,2025-01-04,7.15
R032,2025-01-26,8.61
R046,2025-02-11,9.18
R071,2025-01-10,8.26
R061,2025-02-23,11.57
R053,2025-02-06,6.82
R057,2025-01-03,8.25
R056,2025-03-08,9.76
R074,2025-01-04,10.97
R076,2025-01-27,7.89
R071,2025-02-14,7.02
R049,2025-01-24,10.65
R026,2025-01-17,10.78
R085,2025-02-09,12.19
R032,2025-02-15,9.56
R039,2025-01-28,12.44
R015,2025-03-02,14.83
R015,2025-02-12,8.8
R098,2025-03-04,6.57
R056,2025-02-10,9.83
R073,2025-03-07,11.07
R054,2025-01-11,10.06
R025,2025-01-02,4.76
R066,2025-01-06,9.7
R045,2025-03-03,7.61
R058,2025-01-24,10.97
R078,2025-01-30,9.54
R061,2025-01-23,5.97
R056,2025-01-08,11.16
R036,2025-01-01,10.79
R064,2025-03-11,11.41
R088,2025-01-11,9.14
R080,2025-01-03,6.82
R058,2025-01-21,12.85
R018,2025-03-04,9.37
R036,2025-02-11,8.84
R081,2025-01-24,8.14
R027,2025-02-28,10.55
R088,2025-02-28,6.83
R042,2025-01-08,8.64
R041,2025-02-02,8.76
R093,2025-02-10,10.02
R038,2025-02-25,9.48
R089,2025-01-17,8.25
R046,2025-03-03,8.49
R025,2025-01-04,6.67
R004,2025-03-01,5.93
R019,2025-01-20,8.07
R083,2025-02-08,7.01
R056,2025-02-26,14.59
R052,2025-02-11,13.49
R063,2025-01-07,9.34
R041,2025-01-02,6.88
R067,2025-02-02,8.02
R022,2025-02-03,6.79
R054,2025-01-07,8.03
R021,2025-01-08,8.22
R009,2025-01-05,8.21
R015,2025-03-11,9.59
R060,2025-01-22,5.1
R052,2025-02-13,9.2
R059,2025-02-17,10.75
R067,2025-01-06,7.78
R003,2025-02-07,8.76
R061,2025-01-26,10.36
R071,2025-02-04,6.69
R007,2025-01-28,7.78
R056,2025-02-08,12.61
R068,2025-02-10,8.74
R068,2025-01-28,10.63
R020,2025-03-02,8.02
R059,2025-02-01,12.84
R014,2025-02-25,7.96
R030,2025-02-24,4.61
R006,2025-01-17,8.65
R095,2025-02-09,10.02
R012,2025-02-06,5.65
R060,2025-02-08,7.55
R011,2025-02-11,9.05
R043,2025-02-14,6.88
R001,2025-02-06,11.4
R057,2025-03-05,9.83
R086,2025-01-12,8.2
R073,2025-02-09,7.27
R053,2025-01-05,10.85
R048,2025-03-04,6.83
R044,2025-01-16,9.1
R027,2025-01-31,9.24
R003,2025-02-25,8.39
R034,2025-02-23,9.59
R097,2025-02-23,10.18
R084,2025-01-13,6.36
R037,2025-03-02,14.49
R019,2025-01-06,11.39
R059,2025-01-03,11.63
R097,2025-01-13,11.59
R087,2025-02-04,8.67
R066,2025-03-11,8.11
R068,2025-02-25,12.72
R047,2025-03-07,8.96
R060,2025-01-24,6.34
R067,2025-02-28,8.59
R066,2025-02-25,6.98
R066,2025-03-09,6.02
R030,2025-02-17,8.97
R024,2025-03-02,7.98
R075,2025-01-20,12.11
R071,2025-01-31,6.03
R094,2025-02-10,11.51
R005,2025-01-15,6.63
R100,2025-02-03,8.95
R017,2025-02-04,11.6
R032,2025-01-11,7.55
R016,2025-02-13,8.94
R069,2025-01-01,7.79
R017,2025-03-05,8.56
R100,2025-03-07,7.1
R034,2025-01-28,11.31
R049,2025-03-05,4.78
R003,2025-02-09,8.12
R009,2025-01-30,11.26
R093,2025-03-02,12.44
R096,2025-01-27,6.52
R026,2025-03-09,7.17
R047,2025-03-03,10.7
R066,2025-01-30,7.11
R074,2025-01-13,11.74
R038,2025-01-30,9.04
R036,2025-02-24,9.52
R032,2025-03-02,9.09
R083,2025-01-21,4.45
R044,2025-03-07,6.79
R076,2025-01-13,7.91
R081,2025-02-06,10.93
R084,2025-01-20,6.92
R017,2025-02-20,10.65
R080,2025-01-30,6.85
R071,2025-01-01,4.28
R099,2025-02-19,8.05
R013,2025-02-17,10.06
R061,2025-01-07,7.44
R081,2025-02-02,10.66
R017,2025-01-12,7.71
R080,2025-02-23,7.62
R030,2025-01-13,10.26
R004,2025-02-11,7.4
R051,2025-02-04,8.35
R012,2025-01-07,6.32
R042,2025-03-05,8.62
R075,2025-02-03,8.75
R080,2025-01-07,8.39
R003,2025-01-22,8.75
R062,2025-03-01,8.1
R048,2025-02-13,8.38
R034,2025-01-12,11.0
R066,2025-01-22,6.93
R040,2025-02-15,13.89
R073,2025-01-25,6.7
R006,2025-01-02,8.06
R037,2025-01-11,10.27
R092,2025-03-01,10.25
R033,2025-03-07,8.14
R050,2025-02-06,10.98
R013,2025-02-18,13.52
R082,2025-03-09,10.7
R064,2025-02-10,11.44
R005,2025-03-11,7.17
R016,2025-02-10,4.37
R066,2025-02-20,10.57
R089,2025-03-02,7.04
R010,2025-02-07,11.18
R015,2025-01-18,10.57
R002,2025-02-03,13.82
R096,2025-01-14,7.6
R021,2025-02-11,9.76
R062,2025-01-07,10.07
R085,2025-01-03,12.09
R009,2025-01-12,10.05
R008,2025-01-05,6.59
R027,2025-01-14,9.48
R081,2025-02-04,13.86
R014,2025-01-07,9.16
R082,2025-01-19,7.36
R046,2025-01-08,9.12
R040,2025-01-10,11.62
R075,2025-02-14,12.58
R050,2025-02-12,8.89
R015,2025-03-07,11.71
R037,2025-02-08,10.5
R044,2025-02-26,9.76
R098,2025-02-05,10.31
R005,2025-02-17,6.45
R046,2025-01-18,6.92
R093,2025-01-24,10.63
R013,2025-02-25,11.21
R088,2025-02-22,7.77
R087,2025-02-14,8.14
R029,2025-01-02,9.16
R088,2025-02-15,6.23
R097,2025-02-08,9.23
R005,2025-02-26,10.45
R066,2025-03-03,8.18
R070,2025-01-05,8.55
R052,2025-03-02,10.56
R009,2025-02-26,7.83
R097,2025-02-12,10.44
R027,2025-03-02,10.66
R076,2025-01-25,8.13
R004,2025-02-07,8.54
R087,2025-01-12,8.34
R024,2025-01-04,7.64
R019,2025-02-08,10.59
R051,2025-03-06,9.18
R079,2025-02-12,8.85
R038,2025-03-10,8.0
R081,2025-02-14,11.84
R087,2025-02-05,8.94
R030,2025-01-28,8.06
R068,2025-01-31,9.44
R051,2025-01-03,3.72
R041,2025-01-28,12.84
R010,2025-02-04,12.12
R082,2025-03-05,7.78
R008,2025-02-26,5.91
R029,2025-01-10,8.04
R077,2025-02-08,9.26
R007,2025-01-04,9.69
R012,2025-02-09,4.21
R018,2025-01-19,8.41
R024,2025-02-13,11.54
R092,2025-02-05,11.28
R030,2025-01-18,5.45
R075,2025-02-12,8.13
R089,2025-03-01,8.45
R091,2025-01-29,10.08
R007,2025-03-05,6.42
R021,2025-02-03,8.2
R092,2025-02-12,11.5
R066,2025-03-10,10.58
R063,2025-02-15,10.84
R023,2025-01-22,11.2
R033,2025-02-16,8.5
R081,2025-02-03,8.61
R084,2025-02-07,7.01
R025,2025-02-22,6.57
R021,2025-02-25,8.37
R004,2025-01-12,5.11
R073,2025-02-17,10.78
R079,2025-02-06,8.89
R011,2025-02-04,8.47
R025,2025-01-28,6.97
R069,2025-01-30,5.4
R056,2025-01-14,10.68
R022,2025-02-27,5.89
R075,2025-01-18,7.97
R034,2025-01-13,8.96
R050,2025-01-02,9.63
R090,2025-02-06,8.23
R046,2025-01-04,8.32
R086,2025-02-25,10.69
R036,2025-02-17,8.49
R095,2025-02-15,9.2
R099,2025-02-10,10.07
R011,2025-02-19,9.84
R077,2025-02-02,7.62
R004,2025-03-07,6.71
R022,2025-02-22,6.76
R045,2025-02-28,8.0
R094,2025-01-19,9.03
R081,2025-02-23,10.51
R011,2025-03-01,10.55
R092,2025-01-07,12.35
R074,2025-02-07,7.95
R069,2025-02-15,7.95
R023,2025-02-17,8.43
R008,2025-01-20,7.07
R022,2025-02-11,5.95
R082,2025-01-30,5.63
R003,2025-02-01,10.96
R054,2025-01-20,8.26
R058,2025-02-05,11.44
R006,2025-01-05,9.06
R084,2025-01-14,7.67
R040,2025-03-06,9.78
R071,2025-01-12,8.32
R013,2025-01-22,8.47
R015,2025-01-31,13.49
R040,2025-02-23,11.63
R050,2025-01-24,9.91
R070,2025-02-17,12.47
R096,2025-02-15,8.11
R071,2025-01-19,8.33
R090,2025-02-26,9.71
R018,2025-03-08,11.38
R038,2025-01-04,8.25
R022,2025-01-24,4.67
R018,2025-02-22,10.03
R077,2025-02-18,11.76
R037,2025-01-26,10.2
R002,2025-01-06,11.78
R002,2025-01-04,11.66
R048,2025-01-22,8.84
R097,2025-02-20,8.74
R015,2025-01-21,14.16
R073,2025-02-22,11.37
R076,2025-02-08,10.23
R084,2025-01-27,7.58
R096,2025-01-04,5.49
R013,2025-02-26,9.33
R072,2025-01-02,6.96
R011,2025-01-12,10.35
R007,2025-03-07,13.15
R057,2025-02-11,6.74
R090,2025-02-03,9.87
R081,2025-01-21,8.75
R085,2025-01-31,9.55
R092,2025-01-17,11.04
R069,2025-01-26,9.15
R039,2025-03-02,9.48
R033,2025-01-25,9.14
R068,2025-01-25,8.75
R012,2025-02-16,9.64
R079,2025-03-05,6.45
R080,2025-02-09,7.0
R088,2025-01-20,10.75
R043,2025-03-07,7.4
R080,2025-02-07,6.83
R078,2025-02-18,7.78
R098,2025-01-06,7.32
R037,2025-02-22,12.11
R093,2025-01-02,14.46
R061,2025-02-03,12.81
R014,2025-03-04,8.21
R024,2025-02-19,12.12
R056,2025-02-07,11.8
R065,2025-01-09,14.44
R017,2025-01-28,9.28
R020,2025-01-05,7.77
R037,2025-02-21,8.77
R071,2025-01-27,6.55
R037,2025-01-29,7.84
R050,2025-01-14,8.9
R011,2025-01-17,7.57
R045,2025-01-29,10.22
R078,2025-03-02,9.36
R098,2025-02-10,7.07
R094,2025-02-15,13.04
R093,2025-01-30,14.35
R012,2025-01-04,9.32
R076,2025-02-12,7.99
R055,2025-01-29,10.69
R039,2025-01-13,10.49
R036,2025-02-13,12.65
R052,2025-01-07,9.81
R046,2025-01-03,10.37
R018,2025-01-18,9.3
R054,2025-02-18,9.12
R078,2025-01-09,6.56
R067,2025-03-10,9.32
R027,2025-01-18,8.18
R041,2025-02-22,7.84
R067,2025-03-02,9.24
R008,2025-03-03,8.12
R039,2025-02-06,8.9
R064,2025-01-18,10.79
R054,2025-02-04,8.4
R045,2025-01-31,8.36
R095,2025-01-22,10.83
R001,2025-01-19,11.5
R049,2025-02-17,5.86
R100,2025-02-24,10.45
R018,2025-02-07,8.58
R003,2025-02-15,8.28
R058,2025-02-21,11.77
R017,2025-01-03,11.47
R004,2025-01-19,7.25
R098,2025-01-27,8.37
R100,2025-01-19,9.37
R094,2025-02-19,13.27
R072,2025-02-26,7.6
R080,2025-02-04,4.6
R063,2025-02-10,5.72
R058,2025-01-16,10.58
R020,2025-03-08,6.03
R050,2025-03-08,9.61
R029,2025-02-03,7.36
R053,2025-02-14,8.7
R047,2025-01-21,5.78
R001,2025-03-09,9.57
R087,2025-01-13,11.96
R048,2025-02-14,8.53
R001,2025-01-20,11.57
R056,2025-01-25,10.77
R013,2025-02-05,9.5
R005,2025-02-08,6.84
R044,2025-02-02,9.22
R081,2025-02-17,9.53
R076,2025-02-01,11.03
R009,2025-01-25,8.74
R082,2025-02-25,6.85
R031,2025-01-07,8.22
R043,2025-02-08,8.55
R027,2025-01-23,10.7
R063,2025-01-08,5.35
R003,2025-01-14,9.84
R054,2025-02-05,9.45
R014,2025-01-03,8.2
R070,2025-02-14,8.78
R051,2025-02-08,5.76
R018,2025-02-04,8.79
R098,2025-01-09,9.67
R070,2025-01-16,12.65
R099,2025-01-10,10.73
R079,2025-01-18,10.73
R065,2025-01-01,12.0
R046,2025-01-21,8.87
R002,2025-01-17,12.45
R058,2025-02-06,12.33
R013,2025-02-15,9.87
R089,2025-02-21,9.08
R022,2025-02-12,9.34
R034,2025-02-22,9.24
R015,2025-01-09,10.3
R019,2025-02-04,10.52
R033,2025-02-20,6.32
R011,2025-01-22,8.26
R024,2025-01-31,10.73
R031,2025-01-13,6.58
R025,2025-03-02,7.47
R095,2025-02-24,8.64
R070,2025-01-19,11.4
R017,2025-03-07,11.06
R044,2025-02-17,9.32
R054,2025-01-15,8.29
R081,2025-02-10,9.03
R054,2025-02-14,10.2
R014,2025-02-28,9.18
R098,2025-03-09,10.36
R028,2025-01-24,6.7
R043,2025-01-15,5.79
R089,2025-02-04,8.94
R071,2025-03-11,6.39
R099,2025-02-21,8.67
R018,2025-02-18,8.46
R005,2025-01-26,5.39
R028,2025-02-20,10.26
R008,2025-01-23,5.14
R070,2025-01-09,12.15
R030,2025-03-05,9.04
R090,2025-01-24,10.04
R041,2025-02-04,10.83
R084,2025-01-02,6.99
R010,2025-01-02,9.26
R049,2025-01-15,5.83
R078,2025-02-17,9.58
R071,2025-03-03,8.66
R091,2025-01-11,12.74
R065,2025-02-18,10.15
R041,2025-02-10,6.82
R060,2025-03-06,6.73
R009,2025-02-03,11.08
R083,2025-02-01,9.67
R069,2025-01-14,7.21
R042,2025-02-23,5.05
R088,2025-03-02,7.57
R098,2025-02-18,8.79
R036,2025-02-22,10.75
R085,2025-02-19,10.71
R081,2025-02-18,11.12
R099,2025-03-04,10.58
R078,2025-01-16,11.25
R044,2025-01-15,7.05
R094,2025-02-21,10.71
R035,2025-01-27,6.41
R042,2025-02-06,9.03
R067,2025-02-22,5.72
R083,2025-01-24,5.04
R017,2025-02-06,9.73
R044,2025-02-01,7.7
R055,2025-01-06,11.59
R043,2025-02-27,9.22
R060,2025-02-25,8.63
R068,2025-01-12,11.23
R014,2025-03-06,7.55
R006,2025-03-09,12.01
R052,2025-01-02,10.95
R044,2025-01-06,9.69
R085,2025-01-22,11.41
R032,2025-02-08,7.52
R084,2025-02-12,10.26
R034,2025-03-01,6.2
R034,2025-01-04,8.53
R041,2025-01-07,10.84
R040,2025-01-17,9.82
R011,2025-03-08,8.34
R088,2025-02-01,7.75
R083,2025-02-12,8.45
R067,2025-01-03,5.22
R033,2025-03-02,7.61
R060,2025-02-20,10.13
R070,2025-03-11,7.47
R082,2025-01-13,9.62
R001,2025-02-18,8.44
R069,2025-03-10,6.7
R070,2025-01-28,12.78
R014,2025-01-20,8.37
R016,2025-02-02,6.29
R057,2025-01-01,7.6
R023,2025-01-27,8.93
R019,2025-03-01,9.49
R062,2025-01-02,8.28
R089,2025-01-18,7.73
R029,2025-03-11,6.71
R021,2025-02-17,10.2
R099,2025-02-09,12.81
R062,2025-02-03,10.87
R021,2025-01-14,10.49
R087,2025-01-04,11.25
R076,2025-02-17,11.94
R028,2025-01-25,8.18
R080,2025-02-25,7.25
R015,2025-02-22,10.34
R034,2025-02-26,10.69
R034,2025-01-23,8.1
R028,2025-01-31,9.25
R045,2025-02-15,7.21
R050,2025-02-04,8.59
R001,2025-02-14,8.33
R012,2025-01-20,7.48
R038,2025-03-05,5.45
R020,2025-02-16,7.67
R039,2025-02-03,11.01
R049,2025-02-15,7.26
R097,2025-02-05,11.06
R055,2025-03-10,9.48
R006,2025-02-04,11.14
R078,2025-02-15,10.53
R011,2025-02-26,9.49
R064,2025-02-28,9.49
R055,2025-01-16,11.49
R090,2025-02-08,6.54
R007,2025-01-27,9.78
R097,2025-01-19,10.07
R062,2025-01-31,12.27
R062,2025-01-12,9.89
R099,2025-01-28,7.7
R004,2025-01-16,7.6
R040,2025-01-09,11.02
R033,2025-02-11,6.68
R090,2025-01-03,10.02
R014,2025-03-03,7.57
R091,2025-02-16,10.04
R066,2025-02-12,10.67
R061,2025-01-24,8.43
R010,2025-03-09,5.66
R009,2025-02-25,8.94
R050,2025-02-02,13.12
R098,2025-02-26,5.44
R031,2025-01-19,8.22
R086,2025-01-21,10.23
R070,2025-01-14,6.8
R056,2025-02-24,11.71
R027,2025-02-22,9.28
R013,2025-01-27,11.99
R057,2025-02-24,10.48
R082,2025-01-23,11.08
R009,2025-01-24,6.51
R085,2025-02-10,7.38
R033,2025-01-19,8.98
R075,2025-03-03,9.44
R016,2025-01-10,7.18
R050,2025-02-18,9.07
R032,2025-01-18,8.78
R011,2025-02-03,11.32
R041,2025-01-14,11.73
R063,2025-03-05,8.78
R091,2025-02-08,13.25
R010,2025-01-19,5.61
R015,2025-01-13,13.81
R079,2025-01-24,8.5
R069,2025-01-28,6.93
R053,2025-01-11,10.09
R009,2025-02-28,10.31
R044,2025-02-23,8.42
R006,2025-02-16,9.74
R090,2025-01-30,9.35
R077,2025-03-04,10.61
R030,2025-03-10,7.1
R043,2025-02-22,8.39
R034,2025-03-02,11.19
R014,2025-01-05,8.77
R066,2025-03-04,5.49
R010,2025-01-04,9.66
R006,2025-02-14,12.57
R070,2025-03-07,12.8
R073,2025-01-02,5.77
R020,2025-01-13,8.4
R069,2025-03-06,8.89
R012,2025-02-13,7.57
R032,2025-02-26,7.28
R088,2025-02-04,6.55
R078,2025-02-08,8.19
R066,2025-01-07,7.47
R053,2025-01-14,8.26
R048,2025-03-02,10.8
R073,2025-01-03,7.56
R052,2025-03-04,7.74
R061,2025-02-20,9.56
R023,2025-01-24,8.78
R042,2025-02-09,7.11
R041,2025-02-25,5.88
R063,2025-03-10,9.24
R044,2025-02-20,6.25
R003,2025-01-10,10.37
R045,2025-02-18,6.7
R028,2025-01-16,7.73
R095,2025-03-09,9.95
R065,2025-01-23,9.34
R055,2025-01-22,11.12
R030,2025-03-09,8.79
R019,2025-01-27,8.91
R085,2025-01-25,12.51
R084,2025-02-13,7.94
R038,2025-02-09,8.27
R010,2025-01-08,9.78
R014,2025-02-20,8.5
R065,2025-02-09,8.3
R073,2025-01-30,6.63
R019,2025-01-03,8.33
R060,2025-01-31,7.28
R037,2025-01-31,8.81
R043,2025-01-14,8.45
R042,2025-02-08,6.76
R013,2025-01-21,11.27
R074,2025-02-20,10.13
R084,2025-02-26,8.36
R095,2025-01-09,11.71
R015,2025-03-08,8.22
R015,2025-01-29,9.19
R052,2025-03-08,12.46
R036,2025-02-18,10.23
R026,2025-02-05,10.25
R024,2025-01-21,12.27
R035,2025-01-12,6.43
R031,2025-03-06,5.38
R070,2025-03-06,12.85
R066,2025-02-13,7.18
R082,2025-01-17,8.05
R091,2025-01-26,9.41
R030,2025-02-06,6.91
R067,2025-02-06,7.11
R006,2025-01-06,9.87
R006,2025-01-29,7.25
R081,2025-01-29,11.17
R056,2025-01-16,10.21
R081,2025-01-25,11.28
R094,2025-01-22,10.78
R054,2025-01-21,11.87
R006,2025-02-03,10.2
R072,2025-01-20,3.95
R092,2025-01-19,11.06
R034,2025-01-02,7.37
R079,2025-02-18,10.88
R052,2025-01-24,8.55
R074,2025-03-09,12.53
R090,2025-01-05,9.09
R004,2025-02-16,9.57
R005,2025-01-31,7.3
R083,2025-02-28,5.03
R009,2025-01-16,8.24
R017,2025-02-17,9.36
R030,2025-01-29,7.35
R034,2025-01-19,7.93
R059,2025-01-22,11.4
R009,2025-01-09,10.21
R001,2025-02-28,8.01
R029,2025-02-17,9.78
R001,2025-01-07,9.87
R058,2025-02-22,10.97
R011,2025-02-02,8.42
R016,2025-02-17,9.21
R015,2025-03-03,12.96
R068,2025-01-02,8.41
R024,2025-03-06,13.04
R095,2025-02-12,12.34
R057,2025-03-08,6.81
R078,2025-03-07,9.89
R077,2025-02-20,8.09
R065,2025-02-15,11.88
R010,2025-03-03,10.65
R009,2025-02-20,7.44
R063,2025-01-12,11.21
R085,2025-02-27,9.66
R071,2025-03-09,6.64
R099,2025-02-20,9.7
R082,2025-02-23,8.43
R086,2025-03-05,12.51
R086,2025-01-15,7.98
R053,2025-02-28,7.99
R002,2025-02-04,11.32
R074,2025-02-08,11.21
R057,2025-02-04,7.05
R040,2025-01-07,12.61
R018,2025-02-05,6.7
R052,2025-02-08,10.75
R053,2025-02-11,8.1
R022,2025-03-02,6.76
R089,2025-02-03,10.86
R067,2025-01-18,10.93
R099,2025-03-01,9.48
R046,2025-03-01,9.2
R035,2025-01-25,8.84
R054,2025-01-17,9.95
R005,2025-01-06,8.14
R010,2025-02-05,8.51
R007,2025-02-15,8.74
R044,2025-02-13,9.89
R022,2025-02-23,6.5
R078,2025-01-05,10.49
R058,2025-01-31,9.38
R015,2025-01-27,12.46
R039,2025-02-11,8.92
R043,2025-01-26,11.06
R024,2025-01-02,8.14
R099,2025-02-18,8.05
R030,2025-01-24,6.18
R082,2025-01-14,8.27
R092,2025-01-21,9.77
R031,2025-01-08,6.43
R038,2025-02-08,10.9
R073,2025-02-05,6.51
R015,2025-02-08,10.12
R016,2025-02-27,9.98
R080,2025-02-22,9.5
R092,2025-02-27,11.38
R064,2025-01-17,9.77
R058,2025-01-02,6.88
R098,2025-02-23,9.73
R005,2025-01-24,7.53
R046,2025-02-07,6.83
R002,2025-02-23,9.48
R037,2025-01-17,11.64
R076,2025-01-02,9.52
R051,2025-03-01,7.46
R060,2025-02-21,9.79
R008,2025-02-12,6.06
R043,2025-02-03,5.37
R070,2025-02-11,12.59
R092,2025-03-09,8.16
R019,2025-01-17,7.94
R052,2025-01-18,10.06
R036,2025-02-21,12.6
R011,2025-01-13,8.21
R008,2025-02-19,5.85
R032,2025-03-01,8.25
R045,2025-03-01,11.55
R042,2025-02-11,5.6
R012,2025-03-06,7.17
R062,2025-02-11,13.84
R035,2025-02-28,9.36
R034,2025-01-25,12.02
R092,2025-02-18,12.39
R002,2025-02-01,13.66
R086,2025-02-24,9.43
R070,2025-02-06,9.51
R095,2025-01-19,12.15
R088,2025-02-21,5.75
R006,2025-03-04,8.38
R013,2025-01-18,12.37
R041,2025-01-15,7.37
R019,2025-02-25,8.06
R018,2025-01-23,9.17
R016,2025-01-02,6.12
R015,2025-01-30,12.87
R002,2025-02-24,10.24
R069,2025-01-09,8.91
R014,2025-02-23,9.34
R043,2025-01-25,5.96
R055,2025-02-28,10.04
R087,2025-01-20,12.76
R073,2025-02-12,8.07
R085,2025-01-13,14.2
R044,2025-01-13,4.25
R022,2025-01-28,6.57
R058,2025-01-26,11.8
R050,2025-02-07,8.26
R013,2025-02-06,11.22
R036,2025-01-28,8.33
R041,2025-02-19,7.0
R082,2025-03-04,8.51
R081,2025-02-09,11.87
R031,2025-02-06,10.86
R044,2025-02-28,7.4
R020,2025-01-08,5.98
R001,2025-01-29,9.95
R040,2025-03-01,10.71
R063,2025-03-02,9.44
R053,2025-02-18,8.4
R032,2025-03-04,6.72
R008,2025-01-31,8.54
R050,2025-01-30,8.94
R016,2025-03-02,9.9
R078,2025-02-13,6.61
R039,2025-02-01,7.96
R054,2025-01-27,10.38
R004,2025-02-25,8.56
R031,2025-03-04,8.52
R046,2025-03-11,9.28
R077,2025-01-04,7.41
R094,2025-01-12,8.86
R046,2025-02-23,10.68
R096,2025-01-30,8.26
R087,2025-01-01,9.36
R052,2025-01-29,12.05
R046,2025-03-05,10.07
R096,2025-03-11,6.22
R053,2025-02-20,10.18
R060,2025-01-19,5.01
R034,2025-01-11,11.04
R064,2025-03-01,10.91
R043,2025-02-28,6.85
R083,2025-01-18,7.05
R025,2025-01-19,7.48
R015,2025-02-06,12.19
R050,2025-02-20,6.14
R034,2025-01-31,9.45
R084,2025-01-31,6.19
R019,2025-01-11,8.9
R048,2025-02-06,10.86
R095,2025-03-01,10.19
R067,2025-02-17,6.97
R033,2025-02-28,7.7
R089,2025-02-08,10.88
R094,2025-03-09,10.52
R089,2025-02-17,9.1
R086,2025-03-04,9.31
R021,2025-02-27,9.61
R046,2025-02-02,8.61
R083,2025-03-03,4.55
R089,2025-01-09,9.55
R088,2025-02-14,4.03
R028,2025-01-14,9.34
R090,2025-01-08,8.66
R026,2025-02-24,10.2
R031,2025-02-07,6.54
R028,2025-02-10,7.27
R096,2025-01-08,10.83
R014,2025-02-19,8.34
R050,2025-03-07,8.74
R095,2025-01-26,11.2
R085,2025-03-10,12.48
R038,2025-01-01,5.69
R030,2025-01-10,5.47
R062,2025-01-30,8.41
R067,2025-02-03,7.16
R008,2025-01-24,7.52
R028,2025-02-18,11.03
R032,2025-02-14,8.55
R062,2025-02-24,8.83
R020,2025-01-12,9.68
R051,2025-02-28,7.8
R098,2025-02-04,6.33
R012,2025-01-23,6.38
R011,2025-01-29,11.37
R043,2025-02-01,7.89
R091,2025-02-20,10.44
R008,2025-01-13,7.74
R083,2025-02-04,6.82
R066,2025-02-17,7.62
R094,2025-01-26,10.28
R005,2025-01-28,6.76
R046,2025-02-18,9.07
R057,2025-02-03,5.78
R088,2025-01-04,10.5
R065,2025-02-27,12.84
R039,2025-03-05,9.64
R097,2025-01-14,12.23
R042,2025-01-30,9.11
R055,2025-01-28,12.05
R068,2025-01-17,11.06
R031,2025-02-05,7.53
R041,2025-02-18,10.26
R077,2025-02-12,11.35
R025,2025-02-12,5.98
R057,2025-03-07,6.48
R025,2025-01-12,7.35
R092,2025-01-15,8.36
R043,2025-02-11,7.0
R097,2025-01-29,10.46
R042,2025-02-19,8.32
R029,2025-02-13,5.82
R023,2025-02-22,10.68
R068,2025-01-13,12.51
R044,2025-01-07,9.16
R081,2025-03-05,12.76
R091,2025-01-18,12.04
R100,2025-03-11,9.45
R003,2025-03-08,12.71
R035,2025-01-07,8.21
R053,2025-02-22,12.09
R029,2025-02-22,6.96
R020,2025-01-02,9.44
R082,2025-02-05,6.19
R079,2025-01-08,4.75
R026,2025-01-04,8.92
R078,2025-02-27,9.35
R058,2025-01-20,8.97
R013,2025-01-19,9.99
R002,2025-01-22,9.75
R035,2025-02-09,10.77
R026,2025-02-25,13.13
R066,2025-01-02,8.08
R098,2025-02-11,9.63
R012,2025-03-02,8.13
R027,2025-02-01,8.16
R073,2025-01-29,9.02
R027,2025-02-15,6.55
R045,2025-02-02,7.06
R043,2025-01-19,6.96
R014,2025-01-08,11.1
R063,2025-01-10,6.41
R025,2025-01-22,7.43
R016,2025-03-09,6.06
R079,2025-02-23,8.86
R073,2025-02-20,8.11
R006,2025-02-24,8.23
R082,2025-02-28,9.94
R053,2025-02-07,9.93
R046,2025-02-03,8.99
R005,2025-03-06,8.87
R056,2025-02-05,9.8
R062,2025-03-07,10.65
R095,2025-02-07,8.94
R024,2025-02-15,11.48
R036,2025-01-02,13.45
R087,2025-01-15,8.11
R082,2025-02-18,8.47
R093,2025-01-08,12.31
R021,2025-01-03,8.82
R063,2025-02-02,11.9
R009,2025-01-02,8.8
R048,2025-01-25,7.75
R033,2025-02-17,9.2
R054,2025-03-10,9.04
R015,2025-01-04,11.34
R027,2025-02-16,7.53
R005,2025-01-29,9.19
R037,2025-02-12,9.54
R006,2025-03-11,9.22
R062,2025-03-02,9.91
R073,2025-03-05,9.85
R075,2025-01-04,13.25
R017,2025-02-28,8.91
R084,2025-02-25,5.58
R014,2025-01-28,7.41
R087,2025-01-27,8.8
R012,2025-01-26,7.36
R004,2025-02-06,8.62
R097,2025-01-18,12.97
R079,2025-01-19,8.58
R044,2025-01-29,7.81
R086,2025-02-09,11.72
R018,2025-01-14,10.25
R032,2025-01-19,9.72
R092,2025-02-07,12.29
R046,2025-01-14,9.17
R085,2025-03-07,14.18
R071,2025-01-26,9.95
R014,2025-02-16,8.99
R051,2025-01-02,9.03
R025,2025-03-07,9.83
R092,2025-01-20,12.89
R030,2025-01-03,10.33
R008,2025-01-04,6.18
R087,2025-01-05,13.41
R035,2025-01-17,9.67
R072,2025-03-02,6.62
R042,2025-02-13,9.02
R089,2025-01-21,7.12
R024,2025-01-27,12.14
R014,2025-02-05,6.13
R056,2025-02-13,9.38
R018,2025-01-10,9.08
R094,2025-02-18,11.56
R005,2025-01-17,10.36
R099,2025-01-30,7.7
R013,2025-03-06,12.68
R009,2025-01-01,8.61
R011,2025-01-18,13.93
R089,2025-01-04,7.04
R097,2025-01-06,12.03
R089,2025-02-20,6.74
R060,2025-02-27,10.3
R055,2025-03-09,9.5
R018,2025-01-27,10.02
R003,2025-01-02,8.27
R020,2025-02-20,8.95
R062,2025-03-11,8.64
R018,2025-02-13,8.2
R007,2025-01-12,6.45
R045,2025-01-10,10.99
R070,2025-02-26,12.91
R061,2025-02-02,9.39
R038,2025-02-12,7.66
R090,2025-03-03,12.14
R076,2025-01-18,12.36
R060,2025-01-21,5.53
R007,2025-02-20,13.45
R012,2025-02-28,7.66
R059,2025-01-20,9.49
R009,2025-01-14,11.5
R080,2025-01-06,7.35
R096,2025-02-10,4.3
R083,2025-02-03,9.46
R034,2025-02-07,9.55
R019,2025-02-03,8.37
R005,2025-03-10,9.01
R083,2025-01-04,8.0
R034,2025-02-18,9.91
R083,2025-03-02,4.03
R032,2025-01-08,10.03
R086,2025-01-19,12.98
R079,2025-03-01,10.09
R020,2025-01-27,6.29
R092,2025-02-15,9.34
R004,2025-03-02,8.04
R073,2025-03-06,8.26
R031,2025-02-22,8.07
R024,2025-01-16,9.85
R041,2025-01-30,11.09
R061,2025-02-11,9.16
R031,2025-03-02,6.99
R008,2025-02-15,7.05
R021,2025-02-24,11.51
R008,2025-01-12,9.46
R094,2025-03-11,7.95
R081,2025-01-08,10.05
R057,2025-02-17,11.5
R026,2025-03-07,7.16
R061,2025-02-06,11.21
R080,2025-01-27,6.89
R058,2025-01-27,14.03
R045,2025-02-17,9.91
R009,2025-01-07,9.38
R061,2025-01-20,10.22
R097,2025-03-11,14.24
R043,2025-02-09,9.25
R071,2025-02-01,7.52
R080,2025-02-15,7.43
R007,2025-02-18,11.82
R056,2025-02-25,9.0
R089,2025-01-11,9.0
R081,2025-02-25,10.0
R081,2025-02-05,6.64
R073,2025-01-14,4.58
R018,2025-01-11,11.92
R047,2025-01-27,10.85
R002,2025-02-27,9.27
R048,2025-02-07,8.07
R069,2025-03-08,8.75
R058,2025-01-17,11.38
R096,2025-01-29,6.91
R006,2025-01-13,7.58
R039,2025-02-02,8.49
R044,2025-02-19,8.27
R049,2025-02-05,9.02
R078,2025-02-19,8.72
R097,2025-03-03,11.5
R091,2025-02-06,10.53
R098,2025-01-20,8.31
R053,2025-01-08,10.38
R088,2025-01-30,9.99
R025,2025-02-18,5.37
R030,2025-02-08,9.21
R077,2025-01-10,12.1
R063,2025-02-05,6.4
R089,2025-01-06,10.26
R079,2025-01-17,7.75
R025,2025-03-01,8.14
R054,2025-03-08,8.0
R055,2025-02-11,7.87
R015,2025-02-24,9.85
R034,2025-02-21,9.6
R060,2025-01-15,6.77
R087,2025-01-23,10.23
R072,2025-01-11,8.48
R038,2025-01-07,6.78
R092,2025-03-07,8.89
R025,2025-02-01,8.62
R033,2025-02-27,8.03
R060,2025-02-04,5.22
R022,2025-02-06,6.32
R027,2025-03-05,8.26
R039,2025-02-15,7.82
R085,2025-02-17,13.56
R004,2025-01-07,6.28
R045,2025-01-20,6.47
R046,2025-01-16,5.3
R065,2025-02-04,9.48
R097,2025-01-05,7.59
R041,2025-02-17,9.52
R094,2025-02-01,9.86
R007,2025-03-08,7.02
R002,2025-02-17,13.0
R022,2025-03-01,4.19
R044,2025-01-02,7.27
R003,2025-01-08,8.94
R025,2025-01-20,5.22
R099,2025-01-21,6.55
R046,2025-03-04,9.64
R057,2025-02-12,8.26
R049,2025-01-01,11.71
R060,2025-02-10,4.29
R026,2025-02-21,9.59
R070,2025-03-04,12.23
R060,2025-02-23,8.49
R025,2025-02-03,4.03
R055,2025-01-09,7.78
R055,2025-02-06,10.25
R025,2025-02-10,8.76
R010,2025-01-09,10.11
R037,2025-02-05,10.37
R076,2025-01-17,10.74
R029,2025-02-26,7.6
R063,2025-02-18,7.78
R060,2025-02-05,5.19
R081,2025-02-19,7.19
R021,2025-01-24,12.44
R069,2025-02-11,7.05
R040,2025-03-11,13.11
R074,2025-02-02,10.28
R028,2025-02-19,7.88
R087,2025-01-31,12.63
R037,2025-02-11,9.92
R040,2025-01-04,12.01
R089,2025-01-25,7.84
R059,2025-01-19,12.05
R068,2025-01-20,13.85
R010,2025-01-16,7.03
R057,2025-01-29,6.87
R057,2025-01-22,8.98
R047,2025-01-25,12.24
R074,2025-01-29,11.2
R006,2025-01-24,9.97
R093,2025-02-17,8.83
R018,2025-01-26,8.0
R054,2025-01-06,10.99
R003,2025-03-02,8.91
R016,2025-01-09,4.46
R051,2025-01-25,4.35
R062,2025-01-09,10.0
R034,2025-02-12,8.42
R065,2025-01-19,11.6
R079,2025-01-27,8.74
R007,2025-03-06,11.41
R085,2025-01-04,12.71
R085,2025-03-05,12.2
R020,2025-02-01,5.0
R010,2025-01-21,9.24
R026,2025-01-24,12.11
R025,2025-02-11,6.22
R027,2025-01-26,6.52
R026,2025-01-02,7.25
R013,2025-01-12,10.73
R050,2025-01-17,9.31
R014,2025-02-03,7.29
R017,2025-02-27,13.52
R039,2025-01-10,9.98
R053,2025-01-03,8.73
R073,2025-01-09,9.5
R049,2025-01-10,7.39
R044,2025-01-11,5.94
R048,2025-01-07,7.76
R021,2025-01-16,10.08
R003,2025-02-26,7.61
R096,2025-01-12,9.29
R056,2025-01-02,11.91
R072,2025-01-22,8.02
R002,2025-03-08,13.08
R045,2025-01-27,7.32
R060,2025-02-17,6.04
R099,2025-02-12,8.54
R091,2025-01-05,14.23
R002,2025-02-08,10.01
R088,2025-01-05,7.16
R027,2025-01-10,9.23
R051,2025-03-04,9.81
R072,2025-01-17,6.12
R026,2025-01-19,10.19
R060,2025-01-23,7.06
R048,2025-02-23,9.9
R068,2025-02-20,10.73
R030,2025-01-09,7.41
R073,2025-01-08,4.01
R047,2025-01-20,9.56
R063,2025-02-03,7.06
R044,2025-03-05,8.3
R052,2025-02-27,9.66
R050,2025-01-04,9.28
R071,2025-02-06,6.56
R047,2025-03-05,8.29
R015,2025-01-06,12.55
R004,2025-01-05,8.91
R096,2025-02-08,6.63
R037,2025-02-02,11.79
R070,2025-02-12,11.17
R019,2025-02-01,9.09
R026,2025-01-30,12.73
R052,2025-02-15,8.75
R062,2025-02-20,11.52
R072,2025-02-03,5.32
R046,2025-01-01,7.64
R018,2025-03-05,5.34
R044,2025-02-22,8.95
R088,2025-02-17,7.48
R092,2025-03-10,9.95
R012,2025-02-18,9.94
R070,2025-02-27,13.07
R083,2025-01-19,7.44
R053,2025-02-02,6.62
R068,2025-01-21,12.72
R086,2025-01-25,7.24
R041,2025-01-06,12.19
R038,2025-01-08,5.22
R004,2025-01-18,6.38
R086,2025-03-06,9.48
R053,2025-01-15,10.63
R047,2025-02-04,9.04
R002,2025-03-11,9.0
R093,2025-01-20,12.11
R001,2025-01-02,11.45
R066,2025-01-10,6.99
R070,2025-01-25,9.89
R059,2025-02-05,11.15
R069,2025-01-16,6.42
R063,2025-03-07,6.51
R073,2025-02-06,6.49
R064,2025-03-04,10.84
R084,2025-02-04,7.11
R062,2025-01-03,8.31
R009,2025-01-03,10.49
R033,2025-02-26,7.74
R036,2025-02-28,10.44
R067,2025-01-14,10.04
R022,2025-01-27,10.94
R042,2025-01-03,9.5
R095,2025-02-14,11.65
R041,2025-03-11,6.25
R075,2025-02-07,12.0
R066,2025-02-02,8.84
R073,2025-02-27,7.88
R020,2025-01-18,11.11
R002,2025-02-22,9.71
R010,2025-02-23,5.31
R019,2025-03-10,10.63
R053,2025-02-25,8.14
R008,2025-01-15,6.61
R095,2025-01-27,8.96
R056,2025-03-09,13.42
R024,2025-02-26,10.72
R099,2025-02-15,8.84
R070,2025-01-21,12.13
R050,2025-01-16,11.93
R085,2025-02-12,8.95
R076,2025-02-21,9.28
